"ALQUILER_VARIABLE","NRO_PERIODO","FECHA_INICIAL","FECHA_FINAL","FECHA_GRUPO","FECHA_VENCIMIENTO","IMPORTE_REAL","ESTADO","NOMBRE_CLIENTE","TIPO_1","TIPO_2","CICLO_FACTURACION"
"10000",7,01-ENE-26,31-ENE-26,01-ENE-26,31-ENE-26,60909,"APPROVED","DISTRIBUIDORA DOÑA ELENA S.A","ALIMENTOS Y BEBIDAS","PASAJEROS","CICLO 3"
"10000",7,01-FEB-26,28-FEB-26,01-FEB-26,28-FEB-26,49667,"APPROVED","DISTRIBUIDORA DOÑA ELENA S.A","ALIMENTOS Y BEBIDAS","PASAJEROS","CICLO 3"
"100000",3,01-ENE-26,31-ENE-26,01-ENE-26,31-ENE-26,51129,"APPROVED","BBI COLOMBIA S.A.S.","ALIMENTOS Y BEBIDAS","PASAJEROS","CICLO 3"
"100000",3,01-FEB-26,28-FEB-26,01-FEB-26,28-FEB-26,55935,"APPROVED","BBI COLOMBIA S.A.S.","ALIMENTOS Y BEBIDAS","PASAJEROS","CICLO 3"
"100001",3,01-ENE-26,31-ENE-26,01-ENE-26,31-ENE-26,57047266,"APPROVED","BBI COLOMBIA S.A.S.","ALIMENTOS Y BEBIDAS","VENTAS","CICLO 2"
"100001",3,01-FEB-26,28-FEB-26,01-FEB-26,28-FEB-26,58097820,"APPROVED","BBI COLOMBIA S.A.S.","ALIMENTOS Y BEBIDAS","VENTAS","CICLO 2"
"10001",5,01-ENE-26,31-ENE-26,01-ENE-26,31-ENE-26,60909,"APPROVED","DONUTS DE ANTIOQUIA S.A.S","ALIMENTOS Y BEBIDAS","PASAJEROS","CICLO 3"
"10001",5,01-FEB-26,28-FEB-26,01-FEB-26,28-FEB-26,49667,"APPROVED","DONUTS DE ANTIOQUIA S.A.S","ALIMENTOS Y BEBIDAS","PASAJEROS","CICLO 3"
"10002",8,01-ENE-26,31-ENE-26,01-ENE-26,31-ENE-26,60909,"APPROVED","GLOBAL LOUNGE COLOMBIA SAS","SALAS VIP","PASAJEROS","CICLO 3"
"10002",8,01-FEB-26,28-FEB-26,01-FEB-26,28-FEB-26,49667,"APPROVED","GLOBAL LOUNGE COLOMBIA SAS","SALAS VIP","PASAJEROS","CICLO 3"
"10003",7,01-ENE-26,31-ENE-26,01-ENE-26,31-ENE-26,60909,"APPROVED","SAPIA C I S.A.S","VENTAS DETALLE","PASAJEROS","CICLO 3"
"10003",7,01-FEB-26,28-FEB-26,01-FEB-26,28-FEB-26,49667,"APPROVED","SAPIA C I S.A.S","VENTAS DETALLE","PASAJEROS","CICLO 3"
"10005",7,01-ENE-26,31-ENE-26,01-ENE-26,31-ENE-26,60909,"APPROVED","GLOBOSHOPS S.A.S.","VENTAS DETALLE","PASAJEROS","CICLO 3"
"10005",7,01-FEB-26,28-FEB-26,01-FEB-26,28-FEB-26,49667,"APPROVED","GLOBOSHOPS S.A.S.","VENTAS DETALLE","PASAJEROS","CICLO 3"
"10006",7,01-ENE-26,31-ENE-26,01-ENE-26,31-ENE-26,60909,"APPROVED","MERA MEDELLIN S.A.S","ALIMENTOS Y BEBIDAS","PASAJEROS","CICLO 3"
"10006",7,01-FEB-26,28-FEB-26,01-FEB-26,28-FEB-26,49667,"APPROVED","MERA MEDELLIN S.A.S","ALIMENTOS Y BEBIDAS","PASAJEROS","CICLO 3"
"10007",7,01-ENE-26,31-ENE-26,01-ENE-26,31-ENE-26,60909,"APPROVED","MERA MEDELLIN S.A.S","ALIMENTOS Y BEBIDAS","PASAJEROS","CICLO 3"
"10007",7,01-FEB-26,28-FEB-26,01-FEB-26,28-FEB-26,49667,"APPROVED","MERA MEDELLIN S.A.S","ALIMENTOS Y BEBIDAS","PASAJEROS","CICLO 3"
"10009",6,01-ENE-26,31-ENE-26,01-ENE-26,31-ENE-26,221046,"APPROVED","EQUIRENT VEHICULOS Y MAQUINARIA SAS","ARRENDAMIENTO AUTOS","PASAJEROS","CICLO 3"
"10009",6,01-FEB-26,28-FEB-26,01-FEB-26,28-FEB-26,200714,"APPROVED","EQUIRENT VEHICULOS Y MAQUINARIA SAS","ARRENDAMIENTO AUTOS","PASAJEROS","CICLO 3"
"10010",6,01-ENE-26,31-ENE-26,01-ENE-26,31-ENE-26,693113,"APPROVED","AVINCO S.A.S","ALIMENTOS Y BEBIDAS","PASAJEROS","CICLO 3"
"10010",6,01-FEB-26,28-FEB-26,01-FEB-26,28-FEB-26,739722,"APPROVED","AVINCO S.A.S","ALIMENTOS Y BEBIDAS","PASAJEROS","CICLO 3"
"10011",6,01-ENE-26,31-ENE-26,01-ENE-26,31-ENE-26,693113,"APPROVED","PRODUCTORA Y COMERCIALIZADORA DE ALIMENTOS S.A.S","ALIMENTOS Y BEBIDAS","PASAJEROS","CICLO 3"
"10011",6,01-FEB-26,28-FEB-26,01-FEB-26,28-FEB-26,739722,"APPROVED","PRODUCTORA Y COMERCIALIZADORA DE ALIMENTOS S.A.S","ALIMENTOS Y BEBIDAS","PASAJEROS","CICLO 3"
"10013",9,01-ENE-26,31-ENE-26,01-ENE-26,31-ENE-26,191943,"APPROVED","SAPIA C I S.A.S","VENTAS DETALLE","PASAJEROS","CICLO 3"
"10013",9,01-FEB-26,28-FEB-26,01-FEB-26,28-FEB-26,214061,"APPROVED","SAPIA C I S.A.S","VENTAS DETALLE","PASAJEROS","CICLO 3"
"10014",9,01-ENE-26,31-ENE-26,01-ENE-26,31-ENE-26,501170,"APPROVED","SAPIA C I S.A.S","VENTAS DETALLE","PASAJEROS","CICLO 3"
"10014",9,01-FEB-26,28-FEB-26,01-FEB-26,28-FEB-26,525661,"APPROVED","SAPIA C I S.A.S","VENTAS DETALLE","PASAJEROS","CICLO 3"
"10015",9,01-ENE-26,31-ENE-26,01-ENE-26,31-ENE-26,501170,"APPROVED","SAPIA C I S.A.S","VENTAS DETALLE","PASAJEROS","CICLO 3"
"10015",9,01-FEB-26,28-FEB-26,01-FEB-26,28-FEB-26,525661,"APPROVED","SAPIA C I S.A.S","VENTAS DETALLE","PASAJEROS","CICLO 3"
"10016",9,01-ENE-26,31-ENE-26,01-ENE-26,31-ENE-26,501170,"APPROVED","SAPIA C I S.A.S","VENTAS DETALLE","PASAJEROS","CICLO 3"
"10016",9,01-FEB-26,28-FEB-26,01-FEB-26,28-FEB-26,525661,"APPROVED","SAPIA C I S.A.S","VENTAS DETALLE","PASAJEROS","CICLO 3"
"10017",9,01-ENE-26,31-ENE-26,01-ENE-26,31-ENE-26,191943,"APPROVED","SAPIA C I S.A.S","VENTAS DETALLE","PASAJEROS","CICLO 3"
"10017",9,01-FEB-26,28-FEB-26,01-FEB-26,28-FEB-26,214061,"APPROVED","SAPIA C I S.A.S","VENTAS DETALLE","PASAJEROS","CICLO 3"
"10018",8,01-ENE-26,31-ENE-26,01-ENE-26,31-ENE-26,501170,"APPROVED","SAPIA C I S.A.S","VENTAS DETALLE","PASAJEROS","CICLO 3"
"10018",8,01-FEB-26,28-FEB-26,01-FEB-26,28-FEB-26,525661,"APPROVED","SAPIA C I S.A.S","VENTAS DETALLE","PASAJEROS","CICLO 3"
"10020",8,01-ENE-26,31-ENE-26,01-ENE-26,31-ENE-26,501170,"APPROVED","SAPIA C I S.A.S","VENTAS DETALLE","PASAJEROS","CICLO 3"
"10020",8,01-FEB-26,28-FEB-26,01-FEB-26,28-FEB-26,525661,"APPROVED","SAPIA C I S.A.S","VENTAS DETALLE","PASAJEROS","CICLO 3"
"10021",6,01-ENE-26,31-ENE-26,01-ENE-26,31-ENE-26,501170,"APPROVED","CUEROS VELEZ S.A.S","VENTAS DETALLE","PASAJEROS","CICLO 3"
"10021",6,01-FEB-26,28-FEB-26,01-FEB-26,28-FEB-26,525661,"APPROVED","CUEROS VELEZ S.A.S","VENTAS DETALLE","PASAJEROS","CICLO 3"
"10022",9,01-ENE-26,31-ENE-26,01-ENE-26,31-ENE-26,501170,"APPROVED","KINCO S.A.S","ALIMENTOS Y BEBIDAS","PASAJEROS","CICLO 3"
"10022",9,01-FEB-26,28-FEB-26,01-FEB-26,28-FEB-26,525661,"APPROVED","KINCO S.A.S","ALIMENTOS Y BEBIDAS","PASAJEROS","CICLO 3"
"10023",6,01-ENE-26,31-ENE-26,01-ENE-26,31-ENE-26,501170,"APPROVED","LIBRERIA NACIONAL S.A.S","VENTAS DETALLE","PASAJEROS","CICLO 3"
"10023",6,01-FEB-26,28-FEB-26,01-FEB-26,28-FEB-26,525661,"APPROVED","LIBRERIA NACIONAL S.A.S","VENTAS DETALLE","PASAJEROS","CICLO 3"
"10024",5,01-ENE-26,31-ENE-26,01-ENE-26,31-ENE-26,501170,"APPROVED","TENNIS S.A","VENTAS DETALLE","PASAJEROS","CICLO 3"
"10024",5,01-FEB-26,28-FEB-26,01-FEB-26,28-FEB-26,525661,"APPROVED","TENNIS S.A","VENTAS DETALLE","PASAJEROS","CICLO 3"
"10025",7,01-ENE-26,31-ENE-26,01-ENE-26,31-ENE-26,501170,"APPROVED","ESTIBOL S.A.S","VENTAS DETALLE","PASAJEROS","CICLO 3"
"10025",7,01-FEB-26,28-FEB-26,01-FEB-26,28-FEB-26,525661,"APPROVED","ESTIBOL S.A.S","VENTAS DETALLE","PASAJEROS","CICLO 3"
"10026",5,01-ENE-26,31-ENE-26,01-ENE-26,31-ENE-26,191943,"APPROVED","LA CAMPESTRE S.A.S","ALIMENTOS Y BEBIDAS","PASAJEROS","CICLO 3"
"10026",5,01-FEB-26,28-FEB-26,01-FEB-26,28-FEB-26,214061,"APPROVED","LA CAMPESTRE S.A.S","ALIMENTOS Y BEBIDAS","PASAJEROS","CICLO 3"
"10027",5,01-ENE-26,31-ENE-26,01-ENE-26,31-ENE-26,191943,"APPROVED","CAFE DE SANTA BARBARA S.A.S.","ALIMENTOS Y BEBIDAS","PASAJEROS","CICLO 3"
"10027",5,01-FEB-26,28-FEB-26,01-FEB-26,28-FEB-26,214061,"APPROVED","CAFE DE SANTA BARBARA S.A.S.","ALIMENTOS Y BEBIDAS","PASAJEROS","CICLO 3"
"10028",6,01-ENE-26,31-ENE-26,01-ENE-26,31-ENE-26,501170,"APPROVED","PUNTO CALIENTE S.A.","ALIMENTOS Y BEBIDAS","PASAJEROS","CICLO 3"
"10028",6,01-FEB-26,28-FEB-26,01-FEB-26,28-FEB-26,525661,"APPROVED","PUNTO CALIENTE S.A.","ALIMENTOS Y BEBIDAS","PASAJEROS","CICLO 3"
"10030",6,01-ENE-26,31-ENE-26,01-ENE-26,31-ENE-26,191943,"APPROVED","GLOBAL LOUNGE COLOMBIA SAS","SALAS VIP","PASAJEROS","CICLO 3"
"10030",6,01-FEB-26,28-FEB-26,01-FEB-26,28-FEB-26,214061,"APPROVED","GLOBAL LOUNGE COLOMBIA SAS","SALAS VIP","PASAJEROS","CICLO 3"
"10031",8,01-ENE-26,31-ENE-26,01-ENE-26,31-ENE-26,191943,"APPROVED","GLOBAL LOUNGE COLOMBIA SAS","SALAS VIP","PASAJEROS","CICLO 3"
"10031",8,01-FEB-26,28-FEB-26,01-FEB-26,28-FEB-26,214061,"APPROVED","GLOBAL LOUNGE COLOMBIA SAS","SALAS VIP","PASAJEROS","CICLO 3"
"10032",9,01-ENE-26,31-ENE-26,01-ENE-26,31-ENE-26,501170,"APPROVED","GLOBAL LOUNGE COLOMBIA SAS","SALAS VIP","PASAJEROS","CICLO 3"
"10032",9,01-FEB-26,28-FEB-26,01-FEB-26,28-FEB-26,525661,"APPROVED","GLOBAL LOUNGE COLOMBIA SAS","SALAS VIP","PASAJEROS","CICLO 3"
"10033",9,01-ENE-26,31-ENE-26,01-ENE-26,31-ENE-26,406987,"APPROVED","DUTY FREE PARTNERS COLOMBIA S.A.S.","DUTY FREE","PASAJEROS","CICLO 3"
"10033",9,01-FEB-26,28-FEB-26,01-FEB-26,28-FEB-26,406229,"APPROVED","DUTY FREE PARTNERS COLOMBIA S.A.S.","DUTY FREE","PASAJEROS","CICLO 3"
"10035",8,01-ENE-26,31-ENE-26,01-ENE-26,31-ENE-26,191943,"APPROVED","MERA MEDELLIN S.A.S","ALIMENTOS Y BEBIDAS","PASAJEROS","CICLO 3"
"10035",8,01-FEB-26,28-FEB-26,01-FEB-26,28-FEB-26,214061,"APPROVED","MERA MEDELLIN S.A.S","ALIMENTOS Y BEBIDAS","PASAJEROS","CICLO 3"
"10036",8,01-ENE-26,31-ENE-26,01-ENE-26,31-ENE-26,191943,"APPROVED","MERA MEDELLIN S.A.S","ALIMENTOS Y BEBIDAS","PASAJEROS","CICLO 3"
"10036",8,01-FEB-26,28-FEB-26,01-FEB-26,28-FEB-26,214061,"APPROVED","MERA MEDELLIN S.A.S","ALIMENTOS Y BEBIDAS","PASAJEROS","CICLO 3"
"10037",8,01-ENE-26,31-ENE-26,01-ENE-26,31-ENE-26,501170,"APPROVED","MERA MEDELLIN S.A.S","ALIMENTOS Y BEBIDAS","PASAJEROS","CICLO 3"
"10037",8,01-FEB-26,28-FEB-26,01-FEB-26,28-FEB-26,525661,"APPROVED","MERA MEDELLIN S.A.S","ALIMENTOS Y BEBIDAS","PASAJEROS","CICLO 3"
"10038",8,01-ENE-26,31-ENE-26,01-ENE-26,31-ENE-26,501170,"APPROVED","MERA MEDELLIN S.A.S","ALIMENTOS Y BEBIDAS","PASAJEROS","CICLO 3"
"10038",8,01-FEB-26,28-FEB-26,01-FEB-26,28-FEB-26,525661,"APPROVED","MERA MEDELLIN S.A.S","ALIMENTOS Y BEBIDAS","PASAJEROS","CICLO 3"
"10039",8,01-ENE-26,31-ENE-26,01-ENE-26,31-ENE-26,501170,"APPROVED","MERA MEDELLIN S.A.S","ALIMENTOS Y BEBIDAS","PASAJEROS","CICLO 3"
"10039",8,01-FEB-26,28-FEB-26,01-FEB-26,28-FEB-26,525661,"APPROVED","MERA MEDELLIN S.A.S","ALIMENTOS Y BEBIDAS","PASAJEROS","CICLO 3"
"10040",8,01-ENE-26,31-ENE-26,01-ENE-26,31-ENE-26,693113,"APPROVED","MERA MEDELLIN S.A.S","ALIMENTOS Y BEBIDAS","PASAJEROS","CICLO 3"
"10040",8,01-FEB-26,28-FEB-26,01-FEB-26,28-FEB-26,739722,"APPROVED","MERA MEDELLIN S.A.S","ALIMENTOS Y BEBIDAS","PASAJEROS","CICLO 3"
"10041",8,01-ENE-26,31-ENE-26,01-ENE-26,31-ENE-26,693113,"APPROVED","MERA MEDELLIN S.A.S","ALIMENTOS Y BEBIDAS","PASAJEROS","CICLO 3"
"10041",8,01-FEB-26,28-FEB-26,01-FEB-26,28-FEB-26,739722,"APPROVED","MERA MEDELLIN S.A.S","ALIMENTOS Y BEBIDAS","PASAJEROS","CICLO 3"
"10042",8,01-ENE-26,31-ENE-26,01-ENE-26,31-ENE-26,501170,"APPROVED","MERA MEDELLIN S.A.S","ALIMENTOS Y BEBIDAS","PASAJEROS","CICLO 3"
"10042",8,01-FEB-26,28-FEB-26,01-FEB-26,28-FEB-26,525661,"APPROVED","MERA MEDELLIN S.A.S","ALIMENTOS Y BEBIDAS","PASAJEROS","CICLO 3"
"10043",8,01-ENE-26,31-ENE-26,01-ENE-26,31-ENE-26,693113,"APPROVED","MERA MEDELLIN S.A.S","ALIMENTOS Y BEBIDAS","PASAJEROS","CICLO 3"
"10043",8,01-FEB-26,28-FEB-26,01-FEB-26,28-FEB-26,739722,"APPROVED","MERA MEDELLIN S.A.S","ALIMENTOS Y BEBIDAS","PASAJEROS","CICLO 3"
"10044",8,01-ENE-26,31-ENE-26,01-ENE-26,31-ENE-26,501170,"APPROVED","MERA MEDELLIN S.A.S","ALIMENTOS Y BEBIDAS","PASAJEROS","CICLO 3"
"10044",8,01-FEB-26,28-FEB-26,01-FEB-26,28-FEB-26,525661,"APPROVED","MERA MEDELLIN S.A.S","ALIMENTOS Y BEBIDAS","PASAJEROS","CICLO 3"
"10045",6,01-ENE-26,31-ENE-26,01-ENE-26,31-ENE-26,501170,"APPROVED","GLOBOSHOPS S.A.S.","VENTAS DETALLE","PASAJEROS","CICLO 3"
"10045",6,01-FEB-26,28-FEB-26,01-FEB-26,28-FEB-26,525661,"APPROVED","GLOBOSHOPS S.A.S.","VENTAS DETALLE","PASAJEROS","CICLO 3"
"10046",8,01-ENE-26,31-ENE-26,01-ENE-26,31-ENE-26,191943,"APPROVED","GLOBOSHOPS S.A.S.","VENTAS DETALLE","PASAJEROS","CICLO 3"
"10046",8,01-FEB-26,28-FEB-26,01-FEB-26,28-FEB-26,214061,"APPROVED","GLOBOSHOPS S.A.S.","VENTAS DETALLE","PASAJEROS","CICLO 3"
"10047",8,01-ENE-26,31-ENE-26,01-ENE-26,31-ENE-26,501170,"APPROVED","GLOBOSHOPS S.A.S.","VENTAS DETALLE","PASAJEROS","CICLO 3"
"10047",8,01-FEB-26,28-FEB-26,01-FEB-26,28-FEB-26,525661,"APPROVED","GLOBOSHOPS S.A.S.","VENTAS DETALLE","PASAJEROS","CICLO 3"
"10048",8,01-ENE-26,31-ENE-26,01-ENE-26,31-ENE-26,221046,"APPROVED","GLOBOSHOPS S.A.S.","VENTAS DETALLE","PASAJEROS","CICLO 3"
"10048",8,01-FEB-26,28-FEB-26,01-FEB-26,28-FEB-26,200714,"APPROVED","GLOBOSHOPS S.A.S.","VENTAS DETALLE","PASAJEROS","CICLO 3"
"10049",8,01-ENE-26,31-ENE-26,01-ENE-26,31-ENE-26,501170,"APPROVED","LUXOTTICA OF COLOMBIA S.A.S","VENTAS DETALLE","PASAJEROS","CICLO 3"
"10049",8,01-FEB-26,28-FEB-26,01-FEB-26,28-FEB-26,525661,"APPROVED","LUXOTTICA OF COLOMBIA S.A.S","VENTAS DETALLE","PASAJEROS","CICLO 3"
"10050",6,01-ENE-26,31-ENE-26,01-ENE-26,31-ENE-26,693113,"APPROVED","SANTA CLARA S.A.","ALIMENTOS Y BEBIDAS","PASAJEROS","CICLO 3"
"10050",6,01-FEB-26,28-FEB-26,01-FEB-26,28-FEB-26,739722,"APPROVED","SANTA CLARA S.A.","ALIMENTOS Y BEBIDAS","PASAJEROS","CICLO 3"
"10051",8,01-ENE-26,31-ENE-26,01-ENE-26,31-ENE-26,693113,"APPROVED","DISTRIBUIDORA DOÑA ELENA S.A","ALIMENTOS Y BEBIDAS","PASAJEROS","CICLO 3"
"10051",8,01-FEB-26,28-FEB-26,01-FEB-26,28-FEB-26,739722,"APPROVED","DISTRIBUIDORA DOÑA ELENA S.A","ALIMENTOS Y BEBIDAS","PASAJEROS","CICLO 3"
"10052",7,01-ENE-26,31-ENE-26,01-ENE-26,31-ENE-26,693113,"APPROVED","DONUTS DE ANTIOQUIA S.A.S","ALIMENTOS Y BEBIDAS","PASAJEROS","CICLO 3"
"10052",7,01-FEB-26,28-FEB-26,01-FEB-26,28-FEB-26,739722,"APPROVED","DONUTS DE ANTIOQUIA S.A.S","ALIMENTOS Y BEBIDAS","PASAJEROS","CICLO 3"
"10053",6,01-ENE-26,31-ENE-26,01-ENE-26,31-ENE-26,68201,"APPROVED","CUEROS VELEZ S.A.S","VENTAS DETALLE","PASAJEROS","CICLO 3"
"10053",6,01-FEB-26,28-FEB-26,01-FEB-26,28-FEB-26,86668,"APPROVED","CUEROS VELEZ S.A.S","VENTAS DETALLE","PASAJEROS","CICLO 3"
"10054",5,01-ENE-26,31-ENE-26,01-ENE-26,31-ENE-26,68201,"APPROVED","DISTRIBUIDORA DOÑA ELENA S.A","ALIMENTOS Y BEBIDAS","PASAJEROS","CICLO 3"
"10054",5,01-FEB-26,28-FEB-26,01-FEB-26,28-FEB-26,86668,"APPROVED","DISTRIBUIDORA DOÑA ELENA S.A","ALIMENTOS Y BEBIDAS","PASAJEROS","CICLO 3"
"10055",9,01-ENE-26,31-ENE-26,01-ENE-26,31-ENE-26,68201,"APPROVED","GLOBAL LOUNGE COLOMBIA SAS","SALAS VIP","PASAJEROS","CICLO 3"
"10055",9,01-FEB-26,28-FEB-26,01-FEB-26,28-FEB-26,86668,"APPROVED","GLOBAL LOUNGE COLOMBIA SAS","SALAS VIP","PASAJEROS","CICLO 3"
"10056",8,01-ENE-26,31-ENE-26,01-ENE-26,31-ENE-26,68201,"APPROVED","SAPIA C I S.A.S","VENTAS DETALLE","PASAJEROS","CICLO 3"
"10056",8,01-FEB-26,28-FEB-26,01-FEB-26,28-FEB-26,86668,"APPROVED","SAPIA C I S.A.S","VENTAS DETALLE","PASAJEROS","CICLO 3"
"10057",8,01-ENE-26,31-ENE-26,01-ENE-26,31-ENE-26,68201,"APPROVED","SAPIA C I S.A.S","VENTAS DETALLE","PASAJEROS","CICLO 3"
"10057",8,01-FEB-26,28-FEB-26,01-FEB-26,28-FEB-26,86668,"APPROVED","SAPIA C I S.A.S","VENTAS DETALLE","PASAJEROS","CICLO 3"
"10058",8,01-ENE-26,31-ENE-26,01-ENE-26,31-ENE-26,68201,"APPROVED","SAPIA C I S.A.S","VENTAS DETALLE","PASAJEROS","CICLO 3"
"10058",8,01-FEB-26,28-FEB-26,01-FEB-26,28-FEB-26,86668,"APPROVED","SAPIA C I S.A.S","VENTAS DETALLE","PASAJEROS","CICLO 3"
"10059",6,01-ENE-26,31-ENE-26,01-ENE-26,31-ENE-26,1,"APPROVED","SECURITAS COLOMBIA S.A.","HBS","PASAJEROS","CICLO 3"
"10059",6,01-FEB-26,28-FEB-26,01-FEB-26,28-FEB-26,1,"APPROVED","SECURITAS COLOMBIA S.A.","HBS","PASAJEROS","CICLO 3"
"10060",6,01-ENE-26,31-ENE-26,01-ENE-26,31-ENE-26,4,"APPROVED","SECURITAS COLOMBIA S.A.","HBS","PASAJEROS","CICLO 3"
"10060",6,01-FEB-26,28-FEB-26,01-FEB-26,28-FEB-26,4,"APPROVED","SECURITAS COLOMBIA S.A.","HBS","PASAJEROS","CICLO 3"
"10061",6,01-ENE-26,31-ENE-26,01-ENE-26,31-ENE-26,60909,"APPROVED","SECURITAS COLOMBIA S.A.","HBS","PASAJEROS","CICLO 3"
"10061",6,01-FEB-26,28-FEB-26,01-FEB-26,28-FEB-26,49667,"APPROVED","SECURITAS COLOMBIA S.A.","HBS","PASAJEROS","CICLO 3"
"10062",8,01-ENE-26,31-ENE-26,01-ENE-26,31-ENE-26,191943,"APPROVED","MERA MEDELLIN S.A.S","ALIMENTOS Y BEBIDAS","PASAJEROS","CICLO 3"
"10062",8,01-FEB-26,28-FEB-26,01-FEB-26,28-FEB-26,214061,"APPROVED","MERA MEDELLIN S.A.S","ALIMENTOS Y BEBIDAS","PASAJEROS","CICLO 3"
"10063",6,01-ENE-26,31-ENE-26,01-ENE-26,31-ENE-26,221046,"APPROVED","MASSY MOTORS RENTALS S.A.S.","ARRENDAMIENTO AUTOS","PASAJEROS","CICLO 3"
"10063",6,01-FEB-26,28-FEB-26,01-FEB-26,28-FEB-26,200714,"APPROVED","MASSY MOTORS RENTALS S.A.S.","ARRENDAMIENTO AUTOS","PASAJEROS","CICLO 3"
"10064",6,01-ENE-26,31-ENE-26,01-ENE-26,31-ENE-26,221046,"APPROVED","MASSY MOTORS RENTALS S.A.S.","ARRENDAMIENTO AUTOS","PASAJEROS","CICLO 3"
"10064",6,01-FEB-26,28-FEB-26,01-FEB-26,28-FEB-26,200714,"APPROVED","MASSY MOTORS RENTALS S.A.S.","ARRENDAMIENTO AUTOS","PASAJEROS","CICLO 3"
"10065",6,01-ENE-26,31-ENE-26,01-ENE-26,31-ENE-26,221046,"APPROVED","MASSY MOTORS RENTALS S.A.S.","ARRENDAMIENTO AUTOS","PASAJEROS","CICLO 3"
"10065",6,01-FEB-26,28-FEB-26,01-FEB-26,28-FEB-26,200714,"APPROVED","MASSY MOTORS RENTALS S.A.S.","ARRENDAMIENTO AUTOS","PASAJEROS","CICLO 3"
"10066",10,01-ENE-26,31-ENE-26,01-ENE-26,31-ENE-26,191943,"APPROVED","GLOBOSHOPS S.A.S.","VENTAS DETALLE","PASAJEROS","CICLO 3"
"10066",10,01-FEB-26,28-FEB-26,01-FEB-26,28-FEB-26,214061,"APPROVED","GLOBOSHOPS S.A.S.","VENTAS DETALLE","PASAJEROS","CICLO 3"
"10067",6,01-ENE-26,31-ENE-26,01-ENE-26,31-ENE-26,191943,"APPROVED","DISTRIBUIDORA COLOMBIANA DE SENTIMIENTOS","VENTAS DETALLE","PASAJEROS","CICLO 3"
"10067",6,01-FEB-26,28-FEB-26,01-FEB-26,28-FEB-26,214061,"APPROVED","DISTRIBUIDORA COLOMBIANA DE SENTIMIENTOS","VENTAS DETALLE","PASAJEROS","CICLO 3"
"10068",5,01-ENE-26,31-ENE-26,01-ENE-26,31-ENE-26,501170,"APPROVED","PRODUCTOS ALIMENTICIOS DOGGER S.A.S.","ALIMENTOS Y BEBIDAS","PASAJEROS","CICLO 3"
"10068",5,01-FEB-26,28-FEB-26,01-FEB-26,28-FEB-26,525661,"APPROVED","PRODUCTOS ALIMENTICIOS DOGGER S.A.S.","ALIMENTOS Y BEBIDAS","PASAJEROS","CICLO 3"
"10069",6,01-ENE-26,31-ENE-26,01-ENE-26,31-ENE-26,191943,"APPROVED","CUEROS VELEZ S.A.S","VENTAS DETALLE","PASAJEROS","CICLO 3"
"10069",6,01-FEB-26,28-FEB-26,01-FEB-26,28-FEB-26,214061,"APPROVED","CUEROS VELEZ S.A.S","VENTAS DETALLE","PASAJEROS","CICLO 3"
"10070",6,01-ENE-26,31-ENE-26,01-ENE-26,31-ENE-26,501170,"APPROVED","COSMETIKA S.A.S.","VENTAS DETALLE","PASAJEROS","CICLO 3"
"10070",6,01-FEB-26,28-FEB-26,01-FEB-26,28-FEB-26,525661,"APPROVED","COSMETIKA S.A.S.","VENTAS DETALLE","PASAJEROS","CICLO 3"
"10071",7,01-ENE-26,31-ENE-26,01-ENE-26,31-ENE-26,60909,"APPROVED","PRODUCTOS ALIMENTICIOS DOGGER S.A.S.","ALIMENTOS Y BEBIDAS","PASAJEROS","CICLO 3"
"10071",7,01-FEB-26,28-FEB-26,01-FEB-26,28-FEB-26,49667,"APPROVED","PRODUCTOS ALIMENTICIOS DOGGER S.A.S.","ALIMENTOS Y BEBIDAS","PASAJEROS","CICLO 3"
"10072",7,01-ENE-26,31-ENE-26,01-ENE-26,31-ENE-26,68201,"APPROVED","PRODUCTOS ALIMENTICIOS DOGGER S.A.S.","ALIMENTOS Y BEBIDAS","PASAJEROS","CICLO 3"
"10072",7,01-FEB-26,28-FEB-26,01-FEB-26,28-FEB-26,86668,"APPROVED","PRODUCTOS ALIMENTICIOS DOGGER S.A.S.","ALIMENTOS Y BEBIDAS","PASAJEROS","CICLO 3"
"10073",6,01-ENE-26,31-ENE-26,01-ENE-26,31-ENE-26,60909,"APPROVED","DISTRIBUIDORA PASTEUR S.A","VENTAS DETALLE","PASAJEROS","CICLO 3"
"10073",6,01-FEB-26,28-FEB-26,01-FEB-26,28-FEB-26,49667,"APPROVED","DISTRIBUIDORA PASTEUR S.A","VENTAS DETALLE","PASAJEROS","CICLO 3"
"10077",5,01-ENE-26,31-ENE-26,01-ENE-26,31-ENE-26,501170,"APPROVED","CARCAMOVIL COLOMBIA S.A.S.","VENTAS DETALLE","PASAJEROS","CICLO 3"
"10077",5,01-FEB-26,28-FEB-26,01-FEB-26,28-FEB-26,525661,"APPROVED","CARCAMOVIL COLOMBIA S.A.S.","VENTAS DETALLE","PASAJEROS","CICLO 3"
"101000",3,01-ENE-26,31-ENE-26,01-ENE-26,31-ENE-26,150385,"APPROVED","PRODUCTOS ALIMENTICIOS DOGGER S.A.S.","ALIMENTOS Y BEBIDAS","PASAJEROS","CICLO 3"
"101000",3,01-FEB-26,28-FEB-26,01-FEB-26,28-FEB-26,161623,"APPROVED","PRODUCTOS ALIMENTICIOS DOGGER S.A.S.","ALIMENTOS Y BEBIDAS","PASAJEROS","CICLO 3"
"101001",3,01-ENE-26,31-ENE-26,01-ENE-26,31-ENE-26,67688887,"APPROVED","PRODUCTOS ALIMENTICIOS DOGGER S.A.S.","ALIMENTOS Y BEBIDAS","VENTAS","CICLO 2"
"101001",3,01-FEB-26,28-FEB-26,01-FEB-26,28-FEB-26,84341446,"APPROVED","PRODUCTOS ALIMENTICIOS DOGGER S.A.S.","ALIMENTOS Y BEBIDAS","VENTAS","CICLO 2"
"102000",3,01-ENE-26,31-ENE-26,01-ENE-26,31-ENE-26,7387,"APPROVED","UNITED AIRLINES INC","ASIGNACION_MOSTRADORES","PASAJEROS","CICLO 3"
"102000",3,01-FEB-26,28-FEB-26,01-FEB-26,28-FEB-26,5904,"APPROVED","UNITED AIRLINES INC","ASIGNACION_MOSTRADORES","PASAJEROS","CICLO 3"
"103000",3,01-ENE-26,31-ENE-26,01-ENE-26,31-ENE-26,14,"APPROVED","INVERSIONES AEREAS INVERSA SAS","CARGO OPERAC TIERRA","OPERS","CICLO 3"
"103000",3,01-FEB-26,28-FEB-26,01-FEB-26,28-FEB-26,31,"APPROVED","INVERSIONES AEREAS INVERSA SAS","CARGO OPERAC TIERRA","OPERS","CICLO 3"
"104000",3,01-ENE-26,31-ENE-26,01-ENE-26,31-ENE-26,693113,"APPROVED","SEÑORA DEL ROSARIO Y AMIGOS EN CIA S.A.S.","ALIMENTOS Y BEBIDAS","PASAJEROS","CICLO 3"
"104000",3,01-FEB-26,28-FEB-26,01-FEB-26,28-FEB-26,739722,"APPROVED","SEÑORA DEL ROSARIO Y AMIGOS EN CIA S.A.S.","ALIMENTOS Y BEBIDAS","PASAJEROS","CICLO 3"
"104001",3,01-ENE-26,31-ENE-26,01-ENE-26,31-ENE-26,338559141,"APPROVED","SEÑORA DEL ROSARIO Y AMIGOS EN CIA S.A.S.","ALIMENTOS Y BEBIDAS","VENTAS","CICLO 2"
"104001",3,01-FEB-26,28-FEB-26,01-FEB-26,28-FEB-26,380620565,"APPROVED","SEÑORA DEL ROSARIO Y AMIGOS EN CIA S.A.S.","ALIMENTOS Y BEBIDAS","VENTAS","CICLO 2"
"105000",2,01-ENE-26,31-ENE-26,01-ENE-26,31-ENE-26,4417924,"APPROVED","GLOBO CAMBIO FOREIGN EXCHANGE S.A.S.","BANCOS Y CASAS CAMBIO","VENTAS","CICLO 2"
"105000",2,01-FEB-26,28-FEB-26,01-FEB-26,28-FEB-26,3124162,"APPROVED","GLOBO CAMBIO FOREIGN EXCHANGE S.A.S.","BANCOS Y CASAS CAMBIO","VENTAS","CICLO 2"
"106000",2,01-ENE-26,31-ENE-26,01-ENE-26,31-ENE-26,46723,"APPROVED","GHI GIRALDO HERMANOS INTERNATIONAL SAS","CARGA","CARGA_MOV","CICLO 3"
"106001",2,01-ENE-26,31-ENE-26,01-ENE-26,31-ENE-26,12,"APPROVED","GHI GIRALDO HERMANOS INTERNATIONAL SAS","CARGO OPERAC TIERRA","OPERS","CICLO 3"
"106001",2,01-ENE-26,31-ENE-26,01-ENE-26,31-ENE-26,2,"APPROVED","GHI GIRALDO HERMANOS INTERNATIONAL SAS","CARGO OPERAC TIERRA","OPERS","CICLO 3"
"106001",2,01-FEB-26,28-FEB-26,01-FEB-26,28-FEB-26,12,"APPROVED","GHI GIRALDO HERMANOS INTERNATIONAL SAS","CARGO OPERAC TIERRA","OPERS","CICLO 3"
"106001",2,01-FEB-26,28-FEB-26,01-FEB-26,28-FEB-26,3,"APPROVED","GHI GIRALDO HERMANOS INTERNATIONAL SAS","CARGO OPERAC TIERRA","OPERS","CICLO 3"
"108000",6,01-ENE-26,31-ENE-26,01-ENE-26,31-ENE-26,57271022,"APPROVED","METRO CAFE SAS","ALIMENTOS Y BEBIDAS","VENTAS","CICLO 2"
"108000",6,01-FEB-26,28-FEB-26,01-FEB-26,28-FEB-26,58071103,"APPROVED","METRO CAFE SAS","ALIMENTOS Y BEBIDAS","VENTAS","CICLO 2"
"109000",2,01-ENE-26,31-ENE-26,01-ENE-26,31-ENE-26,129,"APPROVED","AIR TRANSAT A.T. INC. SUCURSAL COLOMBIA","ASIGNACION MOSTRADOR","PASAJEROS","CICLO 3"
"109000",2,01-FEB-26,28-FEB-26,01-FEB-26,28-FEB-26,399,"APPROVED","AIR TRANSAT A.T. INC. SUCURSAL COLOMBIA","ASIGNACION MOSTRADOR","PASAJEROS","CICLO 3"
"110000",6,01-ENE-26,31-ENE-26,01-ENE-26,31-ENE-26,372194286,"APPROVED","SOCIEDAD AERONAUTICA DE INTEGRACION TECNICA S.A.S.","CARGO OPERAC TIERRA","VENTAS","CICLO 2"
"110000",6,01-FEB-26,28-FEB-26,01-FEB-26,28-FEB-26,131284109,"APPROVED","SOCIEDAD AERONAUTICA DE INTEGRACION TECNICA S.A.S.","CARGO OPERAC TIERRA","VENTAS","CICLO 2"
"111000",2,01-ENE-26,31-ENE-26,01-ENE-26,31-ENE-26,60909,"APPROVED","MINISO COLOMBIA S.A.S.","VENTAS DETALLE","PASAJEROS","CICLO 3"
"111000",2,01-FEB-26,28-FEB-26,01-FEB-26,28-FEB-26,49667,"APPROVED","MINISO COLOMBIA S.A.S.","VENTAS DETALLE","PASAJEROS","CICLO 3"
"111001",2,01-FEB-26,28-FEB-26,01-FEB-26,28-FEB-26,32984115,"APPROVED","MINISO COLOMBIA S.A.S.","VENTAS DETALLE","VENTAS","CICLO 2"
"111002",2,01-ENE-26,31-ENE-26,01-ENE-26,31-ENE-26,501170,"APPROVED","MINISO COLOMBIA S.A.S.","VENTAS DETALLE","PASAJEROS","CICLO 3"
"111002",2,01-FEB-26,28-FEB-26,01-FEB-26,28-FEB-26,525661,"APPROVED","MINISO COLOMBIA S.A.S.","VENTAS DETALLE","PASAJEROS","CICLO 3"
"111003",2,01-FEB-26,28-FEB-26,01-FEB-26,28-FEB-26,129762374,"APPROVED","MINISO COLOMBIA S.A.S.","VENTAS DETALLE","VENTAS","CICLO 2"
"113000",2,01-FEB-26,28-FEB-26,01-FEB-26,28-FEB-26,49667,"APPROVED","C.E. LOGISTICA INTEGRAL S.A.S.","VENTAS DETALLE","PASAJEROS","CICLO 3"
"113001",2,01-FEB-26,28-FEB-26,01-FEB-26,28-FEB-26,28702262.94,"APPROVED","C.E. LOGISTICA INTEGRAL S.A.S.","VENTAS DETALLE","VENTAS","CICLO 2"
"114000",2,01-FEB-26,28-FEB-26,01-FEB-26,28-FEB-26,525661,"APPROVED","C.E. LOGISTICA INTEGRAL S.A.S.","VENTAS DETALLE","PASAJEROS","CICLO 3"
"114001",2,01-FEB-26,28-FEB-26,01-FEB-26,28-FEB-26,43954571.2,"APPROVED","C.E. LOGISTICA INTEGRAL S.A.S.","VENTAS DETALLE","VENTAS","CICLO 2"
"115000",1,01-ENE-26,31-ENE-26,01-ENE-26,31-ENE-26,191943,"APPROVED","LICORES DE COLOMBIA LTDA","DUTY FREE","PASAJEROS","CICLO 3"
"115000",1,01-FEB-26,28-FEB-26,01-FEB-26,28-FEB-26,214061,"APPROVED","LICORES DE COLOMBIA LTDA","DUTY FREE","PASAJEROS","CICLO 3"
"116000",6,01-ENE-26,31-ENE-26,01-ENE-26,31-ENE-26,5812,"APPROVED","LASA S.A.","400 HZ","FRACC_HORA","NO DEFINIDO"
"116000",6,01-FEB-26,28-FEB-26,01-FEB-26,28-FEB-26,5687,"DRAFT","LASA S.A.","400 HZ","FRACC_HORA","NO DEFINIDO"
"116001",6,01-ENE-26,31-ENE-26,01-ENE-26,31-ENE-26,1820,"APPROVED","MENZIES AVIATION COLOMBIA S.A.S","400 HZ","FRACC_HORA","NO DEFINIDO"
"116001",6,01-FEB-26,28-FEB-26,01-FEB-26,28-FEB-26,1765,"DRAFT","MENZIES AVIATION COLOMBIA S.A.S","400 HZ","FRACC_HORA","NO DEFINIDO"
"12000",7,01-ENE-26,31-ENE-26,01-ENE-26,31-ENE-26,363830.2,"APPROVED","ORGANIZACION TERPEL S.A.","COMBUSTIBLE","GALONES","CICLO 3"
"12000",7,01-FEB-26,28-FEB-26,01-FEB-26,28-FEB-26,383719.6,"APPROVED","ORGANIZACION TERPEL S.A.","COMBUSTIBLE","GALONES","CICLO 3"
"12002",7,01-ENE-26,31-ENE-26,01-ENE-26,31-ENE-26,94311851.73,"APPROVED","DISTRIBUIDORA DOÑA ELENA S.A","ALIMENTOS Y BEBIDAS","VENTAS","CICLO 2"
"12002",7,01-FEB-26,28-FEB-26,01-FEB-26,28-FEB-26,84871014.74,"APPROVED","DISTRIBUIDORA DOÑA ELENA S.A","ALIMENTOS Y BEBIDAS","VENTAS","CICLO 2"
"12005",5,01-ENE-26,31-ENE-26,01-ENE-26,31-ENE-26,107206881.92,"APPROVED","DONUTS DE ANTIOQUIA S.A.S","ALIMENTOS Y BEBIDAS","VENTAS","CICLO 2"
"12005",5,01-FEB-26,28-FEB-26,01-FEB-26,28-FEB-26,90683466,"APPROVED","DONUTS DE ANTIOQUIA S.A.S","ALIMENTOS Y BEBIDAS","VENTAS","CICLO 2"
"12006",10,01-ENE-26,31-ENE-26,01-ENE-26,31-ENE-26,32761,"APPROVED","CLIC AIR S.A.","ASIGNACION MOSTRADOR","PASAJEROS","CICLO 3"
"12006",10,01-FEB-26,28-FEB-26,01-FEB-26,28-FEB-26,26835,"APPROVED","CLIC AIR S.A.","ASIGNACION MOSTRADOR","PASAJEROS","CICLO 3"
"12011",7,01-ENE-26,31-ENE-26,01-ENE-26,31-ENE-26,25995618,"APPROVED","PRODUCTOS ALIMENTICIOS DOGGER S.A.S.","ALIMENTOS Y BEBIDAS","VENTAS","CICLO 2"
"13000",6,01-ENE-26,31-ENE-26,01-ENE-26,31-ENE-26,3,"APPROVED","SECURITAS COLOMBIA S.A.S.","HBS","AEROLINEA","NO DEFINIDO"
"13000",6,01-FEB-26,28-FEB-26,01-FEB-26,28-FEB-26,3,"APPROVED","SECURITAS COLOMBIA S.A.S.","HBS","AEROLINEA","NO DEFINIDO"
"13001",6,01-ENE-26,31-ENE-26,01-ENE-26,31-ENE-26,501170,"APPROVED","AEROVIAS DEL CONTINENTE AMERICANO S.A. AVIANCA","SALAS VIP","PASAJEROS","CICLO 3"
"13001",6,01-FEB-26,28-FEB-26,01-FEB-26,28-FEB-26,525661,"APPROVED","AEROVIAS DEL CONTINENTE AMERICANO S.A. AVIANCA","SALAS VIP","PASAJEROS","CICLO 3"
"14001",6,01-ENE-26,31-ENE-26,01-ENE-26,31-ENE-26,12250341.26,"APPROVED","CARIBBEAN SUPPORT AND FLIGHT SERVICES S.A.S.","FBO","VENTAS","CICLO 2"
"14001",6,01-FEB-26,28-FEB-26,01-FEB-26,28-FEB-26,13402935,"APPROVED","CARIBBEAN SUPPORT AND FLIGHT SERVICES S.A.S.","FBO","VENTAS","CICLO 2"
"14003",6,01-ENE-26,31-ENE-26,01-ENE-26,31-ENE-26,151708,"APPROVED","SECURITAS COLOMBIA S.A.","HBS","CARGA_MOV","CICLO 3"
"14003",6,01-FEB-26,28-FEB-26,01-FEB-26,28-FEB-26,129586,"APPROVED","SECURITAS COLOMBIA S.A.","HBS","CARGA_MOV","CICLO 3"
"14004",8,01-ENE-26,31-ENE-26,01-ENE-26,31-ENE-26,2744,"APPROVED","GLOBAL LOUNGE COLOMBIA SAS","SALAS VIP","PASAJEROS","CICLO 3"
"14004",8,01-FEB-26,28-FEB-26,01-FEB-26,28-FEB-26,2308,"DRAFT","GLOBAL LOUNGE COLOMBIA SAS","SALAS VIP","PASAJEROS","CICLO 3"
"14006",7,01-ENE-26,31-ENE-26,01-ENE-26,31-ENE-26,71920675.55,"APPROVED","SAPIA C I S.A.S","VENTAS DETALLE","VENTAS","CICLO 2"
"14006",7,01-FEB-26,28-FEB-26,01-FEB-26,28-FEB-26,63544053.46,"APPROVED","SAPIA C I S.A.S","VENTAS DETALLE","VENTAS","CICLO 2"
"14007",7,01-ENE-26,31-ENE-26,01-ENE-26,31-ENE-26,64615035,"APPROVED","GLOBOSHOPS S.A.S.","VENTAS DETALLE","VENTAS","CICLO 2"
"14007",7,01-FEB-26,28-FEB-26,01-FEB-26,28-FEB-26,55844374,"APPROVED","GLOBOSHOPS S.A.S.","VENTAS DETALLE","VENTAS","CICLO 2"
"14008",7,01-ENE-26,31-ENE-26,01-ENE-26,31-ENE-26,122949008,"APPROVED","MERA MEDELLIN S.A.S","ALIMENTOS Y BEBIDAS","VENTAS","CICLO 2"
"14008",7,01-FEB-26,28-FEB-26,01-FEB-26,28-FEB-26,106235740,"APPROVED","MERA MEDELLIN S.A.S","ALIMENTOS Y BEBIDAS","VENTAS","CICLO 2"
"14009",7,01-ENE-26,31-ENE-26,01-ENE-26,31-ENE-26,186248507,"APPROVED","MERA MEDELLIN S.A.S","ALIMENTOS Y BEBIDAS","VENTAS","CICLO 2"
"14009",7,01-FEB-26,28-FEB-26,01-FEB-26,28-FEB-26,141065720,"APPROVED","MERA MEDELLIN S.A.S","ALIMENTOS Y BEBIDAS","VENTAS","CICLO 2"
"14011",7,01-ENE-26,31-ENE-26,01-ENE-26,31-ENE-26,59442,"APPROVED","ENERGIZAR S.A.S","COMBUSTIBLE","GALONES","CICLO 3"
"14011",7,01-FEB-26,28-FEB-26,01-FEB-26,28-FEB-26,54354,"APPROVED","ENERGIZAR S.A.S","COMBUSTIBLE","GALONES","CICLO 3"
"14013",11,01-ENE-26,31-ENE-26,01-ENE-26,31-ENE-26,248878,"APPROVED","AEROVIAS DEL CONTINENTE AMERICANO S.A. AVIANCA","ASIGNACION MOSTRADOR","PASAJEROS","CICLO 3"
"14013",11,01-FEB-26,28-FEB-26,01-FEB-26,28-FEB-26,278471,"APPROVED","AEROVIAS DEL CONTINENTE AMERICANO S.A. AVIANCA","ASIGNACION MOSTRADOR","PASAJEROS","CICLO 3"
"14014",7,01-ENE-26,31-ENE-26,01-ENE-26,31-ENE-26,262945683,"APPROVED","MARIA EUGENIA GIRALDO NARVAEZ","ALIMENTOS Y BEBIDAS","VENTAS","CICLO 2"
"14014",7,01-FEB-26,28-FEB-26,01-FEB-26,28-FEB-26,302906469,"APPROVED","MARIA EUGENIA GIRALDO NARVAEZ","ALIMENTOS Y BEBIDAS","VENTAS","CICLO 2"
"14016",6,01-ENE-26,31-ENE-26,01-ENE-26,31-ENE-26,21079311,"APPROVED","EQUIRENT VEHICULOS Y MAQUINARIA SAS","ARRENDAMIENTO AUTOS","VENTAS","CICLO 2"
"14016",6,01-FEB-26,28-FEB-26,01-FEB-26,28-FEB-26,61640896,"APPROVED","EQUIRENT VEHICULOS Y MAQUINARIA SAS","ARRENDAMIENTO AUTOS","VENTAS","CICLO 2"
"14017",6,01-ENE-26,31-ENE-26,01-ENE-26,31-ENE-26,495741051,"APPROVED","AVINCO S.A.S","ALIMENTOS Y BEBIDAS","VENTAS","CICLO 2"
"14017",6,01-FEB-26,28-FEB-26,01-FEB-26,28-FEB-26,443380217,"APPROVED","AVINCO S.A.S","ALIMENTOS Y BEBIDAS","VENTAS","CICLO 2"
"14019",6,01-ENE-26,31-ENE-26,01-ENE-26,31-ENE-26,86902259,"APPROVED","PRODUCTORA Y COMERCIALIZADORA DE ALIMENTOS S.A.S","ALIMENTOS Y BEBIDAS","VENTAS","CICLO 2"
"14019",6,01-FEB-26,28-FEB-26,01-FEB-26,28-FEB-26,91517676,"APPROVED","PRODUCTORA Y COMERCIALIZADORA DE ALIMENTOS S.A.S","ALIMENTOS Y BEBIDAS","VENTAS","CICLO 2"
"14022",6,01-ENE-26,31-ENE-26,01-ENE-26,31-ENE-26,95965126,"APPROVED","CAMBIOS INTER 1A SAS","BANCOS Y CASAS CAMBIO","VENTAS","CICLO 2"
"14022",6,01-FEB-26,28-FEB-26,01-FEB-26,28-FEB-26,106853125,"APPROVED","CAMBIOS INTER 1A SAS","BANCOS Y CASAS CAMBIO","VENTAS","CICLO 2"
"14023",5,01-ENE-26,31-ENE-26,01-ENE-26,31-ENE-26,186383883,"APPROVED","CAMBIOS INTER 1A SAS","BANCOS Y CASAS CAMBIO","VENTAS","CICLO 2"
"14023",5,01-FEB-26,28-FEB-26,01-FEB-26,28-FEB-26,193936605,"APPROVED","CAMBIOS INTER 1A SAS","BANCOS Y CASAS CAMBIO","VENTAS","CICLO 2"
"14025",9,01-ENE-26,31-ENE-26,01-ENE-26,31-ENE-26,1532087650,"APPROVED","SAPIA C I S.A.S","VENTAS DETALLE","VENTAS","CICLO 2"
"14025",9,01-FEB-26,28-FEB-26,01-FEB-26,28-FEB-26,2230681700,"APPROVED","SAPIA C I S.A.S","VENTAS DETALLE","VENTAS","CICLO 2"
"14026",9,01-ENE-26,31-ENE-26,01-ENE-26,31-ENE-26,286632280.38,"APPROVED","SAPIA C I S.A.S","VENTAS DETALLE","VENTAS","CICLO 2"
"14026",9,01-FEB-26,28-FEB-26,01-FEB-26,28-FEB-26,391768602.33,"APPROVED","SAPIA C I S.A.S","VENTAS DETALLE","VENTAS","CICLO 2"
"14027",9,01-ENE-26,31-ENE-26,01-ENE-26,31-ENE-26,96748739,"APPROVED","SAPIA C I S.A.S","VENTAS DETALLE","VENTAS","CICLO 2"
"14027",9,01-FEB-26,28-FEB-26,01-FEB-26,28-FEB-26,109904075,"APPROVED","SAPIA C I S.A.S","VENTAS DETALLE","VENTAS","CICLO 2"
"14028",9,01-ENE-26,31-ENE-26,01-ENE-26,31-ENE-26,543460642,"APPROVED","SAPIA C I S.A.S","VENTAS DETALLE","VENTAS","CICLO 2"
"14028",9,01-FEB-26,28-FEB-26,01-FEB-26,28-FEB-26,735818276,"APPROVED","SAPIA C I S.A.S","VENTAS DETALLE","VENTAS","CICLO 2"
"14029",8,01-ENE-26,31-ENE-26,01-ENE-26,31-ENE-26,77294692,"APPROVED","SAPIA C I S.A.S","VENTAS DETALLE","VENTAS","CICLO 2"
"14029",8,01-FEB-26,28-FEB-26,01-FEB-26,28-FEB-26,86180405,"APPROVED","SAPIA C I S.A.S","VENTAS DETALLE","VENTAS","CICLO 2"
"14030",7,01-ENE-26,31-ENE-26,01-ENE-26,31-ENE-26,354076718.67,"APPROVED","SAPIA C I S.A.S","VENTAS DETALLE","VENTAS","CICLO 2"
"14030",7,01-FEB-26,28-FEB-26,01-FEB-26,28-FEB-26,441438246.58,"APPROVED","SAPIA C I S.A.S","VENTAS DETALLE","VENTAS","CICLO 2"
"14031",8,01-ENE-26,31-ENE-26,01-ENE-26,31-ENE-26,115394208,"APPROVED","SAPIA C I S.A.S","VENTAS DETALLE","VENTAS","CICLO 2"
"14031",8,01-FEB-26,28-FEB-26,01-FEB-26,28-FEB-26,118550725,"APPROVED","SAPIA C I S.A.S","VENTAS DETALLE","VENTAS","CICLO 2"
"14033",6,01-ENE-26,31-ENE-26,01-ENE-26,31-ENE-26,114361074,"APPROVED","CUEROS VELEZ S.A.S","VENTAS DETALLE","VENTAS","CICLO 2"
"14033",6,01-FEB-26,28-FEB-26,01-FEB-26,28-FEB-26,92656897,"APPROVED","CUEROS VELEZ S.A.S","VENTAS DETALLE","VENTAS","CICLO 2"
"14034",6,01-ENE-26,31-ENE-26,01-ENE-26,31-ENE-26,538922920,"APPROVED","CUEROS VELEZ S.A.S","VENTAS DETALLE","VENTAS","CICLO 2"
"14034",6,01-FEB-26,28-FEB-26,01-FEB-26,28-FEB-26,626509900,"APPROVED","CUEROS VELEZ S.A.S","VENTAS DETALLE","VENTAS","CICLO 2"
"14035",17,01-ENE-26,31-ENE-26,01-ENE-26,31-ENE-26,281506339,"APPROVED","GODDARD CATERING GROUP COLOMBIA","ALIMENTOS Y BEBIDAS","VENTAS","CICLO 2"
"14035",17,01-FEB-26,28-FEB-26,01-FEB-26,28-FEB-26,312654459,"APPROVED","GODDARD CATERING GROUP COLOMBIA","ALIMENTOS Y BEBIDAS","VENTAS","CICLO 2"
"14038",17,01-ENE-26,31-ENE-26,01-ENE-26,31-ENE-26,458724778,"APPROVED","GODDARD CATERING GROUP COLOMBIA","ALIMENTOS Y BEBIDAS","VENTAS","CICLO 2"
"14038",17,01-FEB-26,28-FEB-26,01-FEB-26,28-FEB-26,536499832,"APPROVED","GODDARD CATERING GROUP COLOMBIA","ALIMENTOS Y BEBIDAS","VENTAS","CICLO 2"
"14039",10,01-ENE-26,31-ENE-26,01-ENE-26,31-ENE-26,15003.6,"APPROVED","INVERSIONES GLP S.A.S.E.S.P","OTROS INGRESOS COMERC","VENTAS","CICLO 2"
"14040",7,01-ENE-26,31-ENE-26,01-ENE-26,31-ENE-26,54800693,"APPROVED","AEROSUPPORT S.A.S","FBO","VENTAS","CICLO 2"
"14040",7,01-FEB-26,28-FEB-26,01-FEB-26,28-FEB-26,45821719,"APPROVED","AEROSUPPORT S.A.S","FBO","VENTAS","CICLO 2"
"14041",9,01-ENE-26,31-ENE-26,01-ENE-26,31-ENE-26,596186661,"APPROVED","KINCO S.A.S","ALIMENTOS Y BEBIDAS","VENTAS","CICLO 2"
"14041",9,01-FEB-26,28-FEB-26,01-FEB-26,28-FEB-26,637103510,"APPROVED","KINCO S.A.S","ALIMENTOS Y BEBIDAS","VENTAS","CICLO 2"
"14043",6,01-ENE-26,31-ENE-26,01-ENE-26,31-ENE-26,122991645,"APPROVED","LIBRERIA NACIONAL S.A.S","VENTAS DETALLE","VENTAS","CICLO 2"
"14043",6,01-FEB-26,28-FEB-26,01-FEB-26,28-FEB-26,112017084,"APPROVED","LIBRERIA NACIONAL S.A.S","VENTAS DETALLE","VENTAS","CICLO 2"
"14044",5,01-ENE-26,31-ENE-26,01-ENE-26,31-ENE-26,108019218,"APPROVED","TENNIS S.A","VENTAS DETALLE","VENTAS","CICLO 2"
"14045",7,01-FEB-26,28-FEB-26,01-FEB-26,28-FEB-26,167569747.9,"APPROVED","ESTIBOL S.A.S","VENTAS DETALLE","VENTAS","CICLO 2"
"14046",5,01-ENE-26,31-ENE-26,01-ENE-26,31-ENE-26,277085383,"APPROVED","LA CAMPESTRE S.A.S","ALIMENTOS Y BEBIDAS","VENTAS","CICLO 2"
"14047",6,01-ENE-26,31-ENE-26,01-ENE-26,31-ENE-26,109093018.13,"APPROVED","CARIBBEAN SUPPORT AND FLIGHT SERVICES S.A.S.","FBO","VENTAS","CICLO 2"
"14047",6,01-FEB-26,28-FEB-26,01-FEB-26,28-FEB-26,125286543.14,"APPROVED","CARIBBEAN SUPPORT AND FLIGHT SERVICES S.A.S.","FBO","VENTAS","CICLO 2"
"14048",5,01-ENE-26,31-ENE-26,01-ENE-26,31-ENE-26,511561950,"APPROVED","CAFE DE SANTA BARBARA S.A.S.","ALIMENTOS Y BEBIDAS","VENTAS","CICLO 2"
"14048",5,01-FEB-26,28-FEB-26,01-FEB-26,28-FEB-26,590739065,"APPROVED","CAFE DE SANTA BARBARA S.A.S.","ALIMENTOS Y BEBIDAS","VENTAS","CICLO 2"
"14050",6,01-ENE-26,31-ENE-26,01-ENE-26,31-ENE-26,170298570,"APPROVED","GLOBO CAMBIO FOREIGN EXCHANGE.S.A.S","BANCOS Y CASAS CAMBIO","VENTAS","CICLO 2"
"14050",6,01-FEB-26,28-FEB-26,01-FEB-26,28-FEB-26,198247558,"APPROVED","GLOBO CAMBIO FOREIGN EXCHANGE.S.A.S","BANCOS Y CASAS CAMBIO","VENTAS","CICLO 2"
"14051",6,01-ENE-26,31-ENE-26,01-ENE-26,31-ENE-26,106182612,"APPROVED","GLOBO CAMBIO FOREIGN EXCHANGE.S.A.S","BANCOS Y CASAS CAMBIO","VENTAS","CICLO 2"
"14051",6,01-FEB-26,28-FEB-26,01-FEB-26,28-FEB-26,124170334,"APPROVED","GLOBO CAMBIO FOREIGN EXCHANGE.S.A.S","BANCOS Y CASAS CAMBIO","VENTAS","CICLO 2"
"14052",8,01-ENE-26,31-ENE-26,01-ENE-26,31-ENE-26,598762406,"APPROVED","DISTRIBUIDORA PASTEUR S.A","VENTAS DETALLE","VENTAS","CICLO 2"
"14052",8,01-FEB-26,28-FEB-26,01-FEB-26,28-FEB-26,579048956,"APPROVED","DISTRIBUIDORA PASTEUR S.A","VENTAS DETALLE","VENTAS","CICLO 2"
"14053",6,01-ENE-26,31-ENE-26,01-ENE-26,31-ENE-26,197788777,"APPROVED","PUNTO CALIENTE S.A.","ALIMENTOS Y BEBIDAS","VENTAS","CICLO 2"
"14053",6,01-FEB-26,28-FEB-26,01-FEB-26,28-FEB-26,178678586,"APPROVED","PUNTO CALIENTE S.A.","ALIMENTOS Y BEBIDAS","VENTAS","CICLO 2"
"14061",5,01-ENE-26,31-ENE-26,01-ENE-26,31-ENE-26,229622646,"APPROVED","PRODUCTOS ALIMENTICIOS DOGGER S.A.S.","ALIMENTOS Y BEBIDAS","VENTAS","CICLO 2"
"14061",5,01-FEB-26,28-FEB-26,01-FEB-26,28-FEB-26,254647913,"APPROVED","PRODUCTOS ALIMENTICIOS DOGGER S.A.S.","ALIMENTOS Y BEBIDAS","VENTAS","CICLO 2"
"14063",6,01-ENE-26,31-ENE-26,01-ENE-26,31-ENE-26,9581,"APPROVED","GLOBAL LOUNGE COLOMBIA SAS","SALAS VIP","PASAJEROS","CICLO 3"
"14063",6,01-FEB-26,28-FEB-26,01-FEB-26,28-FEB-26,9343,"APPROVED","GLOBAL LOUNGE COLOMBIA SAS","SALAS VIP","PASAJEROS","CICLO 3"
"14065",8,01-ENE-26,31-ENE-26,01-ENE-26,31-ENE-26,10357,"APPROVED","GLOBAL LOUNGE COLOMBIA SAS","SALAS VIP","PASAJEROS","CICLO 3"
"14065",8,01-FEB-26,28-FEB-26,01-FEB-26,28-FEB-26,10490,"APPROVED","GLOBAL LOUNGE COLOMBIA SAS","SALAS VIP","PASAJEROS","CICLO 3"
"14067",9,01-ENE-26,31-ENE-26,01-ENE-26,31-ENE-26,10953,"APPROVED","GLOBAL LOUNGE COLOMBIA SAS","SALAS VIP","PASAJEROS","CICLO 3"
"14067",9,01-FEB-26,28-FEB-26,01-FEB-26,28-FEB-26,10861,"APPROVED","GLOBAL LOUNGE COLOMBIA SAS","SALAS VIP","PASAJEROS","CICLO 3"
"14069",8,01-ENE-26,31-ENE-26,01-ENE-26,31-ENE-26,558392356,"APPROVED","MERA MEDELLIN S.A.S","ALIMENTOS Y BEBIDAS","VENTAS","CICLO 2"
"14069",8,01-FEB-26,28-FEB-26,01-FEB-26,28-FEB-26,635090569,"APPROVED","MERA MEDELLIN S.A.S","ALIMENTOS Y BEBIDAS","VENTAS","CICLO 2"
"14070",8,01-ENE-26,31-ENE-26,01-ENE-26,31-ENE-26,1853695828,"APPROVED","MERA MEDELLIN S.A.S","ALIMENTOS Y BEBIDAS","VENTAS","CICLO 2"
"14070",8,01-FEB-26,28-FEB-26,01-FEB-26,28-FEB-26,2137016479,"APPROVED","MERA MEDELLIN S.A.S","ALIMENTOS Y BEBIDAS","VENTAS","CICLO 2"
"14071",8,01-ENE-26,31-ENE-26,01-ENE-26,31-ENE-26,269022109,"APPROVED","MERA MEDELLIN S.A.S","ALIMENTOS Y BEBIDAS","VENTAS","CICLO 2"
"14071",8,01-FEB-26,28-FEB-26,01-FEB-26,28-FEB-26,267539019,"APPROVED","MERA MEDELLIN S.A.S","ALIMENTOS Y BEBIDAS","VENTAS","CICLO 2"
"14072",8,01-ENE-26,31-ENE-26,01-ENE-26,31-ENE-26,120420957,"APPROVED","MERA MEDELLIN S.A.S","ALIMENTOS Y BEBIDAS","VENTAS","CICLO 2"
"14072",8,01-FEB-26,28-FEB-26,01-FEB-26,28-FEB-26,109586845,"APPROVED","MERA MEDELLIN S.A.S","ALIMENTOS Y BEBIDAS","VENTAS","CICLO 2"
"14073",8,01-ENE-26,31-ENE-26,01-ENE-26,31-ENE-26,87312711,"APPROVED","MERA MEDELLIN S.A.S","ALIMENTOS Y BEBIDAS","VENTAS","CICLO 2"
"14073",8,01-FEB-26,28-FEB-26,01-FEB-26,28-FEB-26,91260004,"APPROVED","MERA MEDELLIN S.A.S","ALIMENTOS Y BEBIDAS","VENTAS","CICLO 2"
"14074",8,01-ENE-26,31-ENE-26,01-ENE-26,31-ENE-26,513055173,"APPROVED","MERA MEDELLIN S.A.S","ALIMENTOS Y BEBIDAS","VENTAS","CICLO 2"
"14074",8,01-FEB-26,28-FEB-26,01-FEB-26,28-FEB-26,552075092,"APPROVED","MERA MEDELLIN S.A.S","ALIMENTOS Y BEBIDAS","VENTAS","CICLO 2"
"14075",8,01-ENE-26,31-ENE-26,01-ENE-26,31-ENE-26,338038348,"APPROVED","MERA MEDELLIN S.A.S","ALIMENTOS Y BEBIDAS","VENTAS","CICLO 2"
"14075",8,01-FEB-26,28-FEB-26,01-FEB-26,28-FEB-26,383779438,"APPROVED","MERA MEDELLIN S.A.S","ALIMENTOS Y BEBIDAS","VENTAS","CICLO 2"
"14076",8,01-ENE-26,31-ENE-26,01-ENE-26,31-ENE-26,223440636,"APPROVED","MERA MEDELLIN S.A.S","ALIMENTOS Y BEBIDAS","VENTAS","CICLO 2"
"14076",8,01-FEB-26,28-FEB-26,01-FEB-26,28-FEB-26,220751061,"APPROVED","MERA MEDELLIN S.A.S","ALIMENTOS Y BEBIDAS","VENTAS","CICLO 2"
"14077",8,01-ENE-26,31-ENE-26,01-ENE-26,31-ENE-26,253388515,"APPROVED","MERA MEDELLIN S.A.S","ALIMENTOS Y BEBIDAS","VENTAS","CICLO 2"
"14077",8,01-FEB-26,28-FEB-26,01-FEB-26,28-FEB-26,291942427,"APPROVED","MERA MEDELLIN S.A.S","ALIMENTOS Y BEBIDAS","VENTAS","CICLO 2"
"14078",8,01-ENE-26,31-ENE-26,01-ENE-26,31-ENE-26,558392356,"APPROVED","MERA MEDELLIN S.A.S","PUBLICIDAD","VENTAS","CICLO 2"
"14078",8,01-FEB-26,28-FEB-26,01-FEB-26,28-FEB-26,635090569,"APPROVED","MERA MEDELLIN S.A.S","PUBLICIDAD","VENTAS","CICLO 2"
"14079",8,01-ENE-26,31-ENE-26,01-ENE-26,31-ENE-26,1853695828,"APPROVED","MERA MEDELLIN S.A.S","PUBLICIDAD","VENTAS","CICLO 2"
"14079",8,01-FEB-26,28-FEB-26,01-FEB-26,28-FEB-26,2137016479,"APPROVED","MERA MEDELLIN S.A.S","PUBLICIDAD","VENTAS","CICLO 2"
"14080",8,01-ENE-26,31-ENE-26,01-ENE-26,31-ENE-26,253388515,"APPROVED","MERA MEDELLIN S.A.S","PUBLICIDAD","VENTAS","CICLO 2"
"14080",8,01-FEB-26,28-FEB-26,01-FEB-26,28-FEB-26,291942427,"APPROVED","MERA MEDELLIN S.A.S","PUBLICIDAD","VENTAS","CICLO 2"
"14081",8,01-ENE-26,31-ENE-26,01-ENE-26,31-ENE-26,269022109,"APPROVED","MERA MEDELLIN S.A.S","PUBLICIDAD","VENTAS","CICLO 2"
"14081",8,01-FEB-26,28-FEB-26,01-FEB-26,28-FEB-26,267539019,"APPROVED","MERA MEDELLIN S.A.S","PUBLICIDAD","VENTAS","CICLO 2"
"14082",8,01-ENE-26,31-ENE-26,01-ENE-26,31-ENE-26,120420957,"APPROVED","MERA MEDELLIN S.A.S","PUBLICIDAD","VENTAS","CICLO 2"
"14082",8,01-FEB-26,28-FEB-26,01-FEB-26,28-FEB-26,109586845,"APPROVED","MERA MEDELLIN S.A.S","PUBLICIDAD","VENTAS","CICLO 2"
"14083",8,01-ENE-26,31-ENE-26,01-ENE-26,31-ENE-26,87312711,"APPROVED","MERA MEDELLIN S.A.S","PUBLICIDAD","VENTAS","CICLO 2"
"14083",8,01-FEB-26,28-FEB-26,01-FEB-26,28-FEB-26,91260004,"APPROVED","MERA MEDELLIN S.A.S","PUBLICIDAD","VENTAS","CICLO 2"
"14084",8,01-ENE-26,31-ENE-26,01-ENE-26,31-ENE-26,513055173,"APPROVED","MERA MEDELLIN S.A.S","PUBLICIDAD","VENTAS","CICLO 2"
"14084",8,01-FEB-26,28-FEB-26,01-FEB-26,28-FEB-26,552075092,"APPROVED","MERA MEDELLIN S.A.S","PUBLICIDAD","VENTAS","CICLO 2"
"14085",8,01-ENE-26,31-ENE-26,01-ENE-26,31-ENE-26,338038348,"APPROVED","MERA MEDELLIN S.A.S","PUBLICIDAD","VENTAS","CICLO 2"
"14085",8,01-FEB-26,28-FEB-26,01-FEB-26,28-FEB-26,383779438,"APPROVED","MERA MEDELLIN S.A.S","PUBLICIDAD","VENTAS","CICLO 2"
"14086",8,01-ENE-26,31-ENE-26,01-ENE-26,31-ENE-26,223440636,"APPROVED","MERA MEDELLIN S.A.S","PUBLICIDAD","VENTAS","CICLO 2"
"14086",8,01-FEB-26,28-FEB-26,01-FEB-26,28-FEB-26,220751061,"APPROVED","MERA MEDELLIN S.A.S","PUBLICIDAD","VENTAS","CICLO 2"
"14087",6,01-ENE-26,31-ENE-26,01-ENE-26,31-ENE-26,199426725,"APPROVED","GLOBOSHOPS S.A.S.","VENTAS DETALLE","VENTAS","CICLO 2"
"14088",8,01-ENE-26,31-ENE-26,01-ENE-26,31-ENE-26,522751021,"APPROVED","GLOBOSHOPS S.A.S.","VENTAS DETALLE","VENTAS","CICLO 2"
"14088",8,01-ENE-26,31-ENE-26,01-ENE-26,31-ENE-26,103891888,"APPROVED","GLOBOSHOPS S.A.S.","VENTAS DETALLE","VENTAS","CICLO 2"
"14088",8,01-FEB-26,28-FEB-26,01-FEB-26,28-FEB-26,113092917,"APPROVED","GLOBOSHOPS S.A.S.","VENTAS DETALLE","VENTAS","CICLO 2"
"14088",8,01-FEB-26,28-FEB-26,01-FEB-26,28-FEB-26,587900393,"APPROVED","GLOBOSHOPS S.A.S.","VENTAS DETALLE","VENTAS","CICLO 2"
"14090",8,01-ENE-26,31-ENE-26,01-ENE-26,31-ENE-26,57275318,"APPROVED","GLOBOSHOPS S.A.S.","VENTAS DETALLE","VENTAS","CICLO 2"
"14090",8,01-ENE-26,31-ENE-26,01-ENE-26,31-ENE-26,168793085,"APPROVED","GLOBOSHOPS S.A.S.","VENTAS DETALLE","VENTAS","CICLO 2"
"14090",8,01-FEB-26,28-FEB-26,01-FEB-26,28-FEB-26,174642272,"APPROVED","GLOBOSHOPS S.A.S.","VENTAS DETALLE","VENTAS","CICLO 2"
"14090",8,01-FEB-26,28-FEB-26,01-FEB-26,28-FEB-26,63151998,"APPROVED","GLOBOSHOPS S.A.S.","VENTAS DETALLE","VENTAS","CICLO 2"
"14092",8,01-ENE-26,31-ENE-26,01-ENE-26,31-ENE-26,168343017,"APPROVED","GLOBOSHOPS S.A.S.","VENTAS DETALLE","VENTAS","CICLO 2"
"14092",8,01-FEB-26,28-FEB-26,01-FEB-26,28-FEB-26,157710164,"APPROVED","GLOBOSHOPS S.A.S.","VENTAS DETALLE","VENTAS","CICLO 2"
"14093",8,01-ENE-26,31-ENE-26,01-ENE-26,31-ENE-26,223432789,"APPROVED","LUXOTTICA OF COLOMBIA S.A.S","VENTAS DETALLE","VENTAS","CICLO 2"
"14093",8,01-FEB-26,28-FEB-26,01-FEB-26,28-FEB-26,191889916,"APPROVED","LUXOTTICA OF COLOMBIA S.A.S","VENTAS DETALLE","VENTAS","CICLO 2"
"14094",6,01-ENE-26,31-ENE-26,01-ENE-26,31-ENE-26,134029236,"APPROVED","SANTA CLARA S.A.","ALIMENTOS Y BEBIDAS","VENTAS","CICLO 2"
"14094",6,01-FEB-26,28-FEB-26,01-FEB-26,28-FEB-26,134225282,"APPROVED","SANTA CLARA S.A.","ALIMENTOS Y BEBIDAS","VENTAS","CICLO 2"
"14095",6,01-ENE-26,31-ENE-26,01-ENE-26,31-ENE-26,378313311,"APPROVED","DISTRIBUIDORA COLOMBIANA DE SENTIMIENTOS","VENTAS DETALLE","VENTAS","CICLO 2"
"14095",6,01-FEB-26,28-FEB-26,01-FEB-26,28-FEB-26,439254646,"APPROVED","DISTRIBUIDORA COLOMBIANA DE SENTIMIENTOS","VENTAS DETALLE","VENTAS","CICLO 2"
"14096",8,01-ENE-26,31-ENE-26,01-ENE-26,31-ENE-26,206936690,"APPROVED","DISTRIBUIDORA DOÑA ELENA S.A","ALIMENTOS Y BEBIDAS","VENTAS","CICLO 2"
"14096",8,01-FEB-26,28-FEB-26,01-FEB-26,28-FEB-26,225761439,"APPROVED","DISTRIBUIDORA DOÑA ELENA S.A","ALIMENTOS Y BEBIDAS","VENTAS","CICLO 2"
"14097",7,01-ENE-26,31-ENE-26,01-ENE-26,31-ENE-26,299471607.83,"APPROVED","DONUTS DE ANTIOQUIA S.A.S","ALIMENTOS Y BEBIDAS","VENTAS","CICLO 2"
"14097",7,01-FEB-26,28-FEB-26,01-FEB-26,28-FEB-26,313208201,"APPROVED","DONUTS DE ANTIOQUIA S.A.S","ALIMENTOS Y BEBIDAS","VENTAS","CICLO 2"
"14098",5,01-ENE-26,31-ENE-26,01-ENE-26,31-ENE-26,33127600,"APPROVED","ALBEIRO GOMEZ GUARIN","ALIMENTOS Y BEBIDAS","VENTAS","CICLO 2"
"14098",5,01-FEB-26,28-FEB-26,01-FEB-26,28-FEB-26,30137200,"APPROVED","ALBEIRO GOMEZ GUARIN","ALIMENTOS Y BEBIDAS","VENTAS","CICLO 2"
"14104",5,01-ENE-26,31-ENE-26,01-ENE-26,31-ENE-26,24294801,"APPROVED","JORGE MAURICIO OSPINA BUELVAS","ALIMENTOS Y BEBIDAS","VENTAS","CICLO 2"
"14104",5,01-FEB-26,28-FEB-26,01-FEB-26,28-FEB-26,209161,"APPROVED","JORGE MAURICIO OSPINA BUELVAS","ALIMENTOS Y BEBIDAS","VENTAS","CICLO 2"
"14104",5,01-FEB-26,28-FEB-26,01-FEB-26,28-FEB-26,21366574,"APPROVED","JORGE MAURICIO OSPINA BUELVAS","ALIMENTOS Y BEBIDAS","VENTAS","CICLO 2"
"14105",5,01-ENE-26,31-ENE-26,01-ENE-26,31-ENE-26,12291019,"APPROVED","JORGE MAURICIO OSPINA BUELVAS","ALIMENTOS Y BEBIDAS","VENTAS","CICLO 2"
"14105",5,01-FEB-26,28-FEB-26,01-FEB-26,28-FEB-26,10205926,"APPROVED","JORGE MAURICIO OSPINA BUELVAS","ALIMENTOS Y BEBIDAS","VENTAS","CICLO 2"
"14106",6,01-ENE-26,31-ENE-26,01-ENE-26,31-ENE-26,13868,"APPROVED","ORGANIZACION TERPEL S.A.","COMBUSTIBLE","GALONES","CICLO 3"
"14106",6,01-FEB-26,28-FEB-26,01-FEB-26,28-FEB-26,9634,"APPROVED","ORGANIZACION TERPEL S.A.","COMBUSTIBLE","GALONES","CICLO 3"
"14107",6,01-ENE-26,31-ENE-26,01-ENE-26,31-ENE-26,24225238,"APPROVED","CUEROS VELEZ S.A.S","VENTAS DETALLE","VENTAS","CICLO 2"
"14107",6,01-FEB-26,28-FEB-26,01-FEB-26,28-FEB-26,25265425,"APPROVED","CUEROS VELEZ S.A.S","VENTAS DETALLE","VENTAS","CICLO 2"
"14110",7,01-ENE-26,31-ENE-26,01-ENE-26,31-ENE-26,88328538,"APPROVED","PRODUCTOS ALIMENTICIOS DOGGER S.A.S.","ALIMENTOS Y BEBIDAS","VENTAS","CICLO 2"
"14110",7,01-FEB-26,28-FEB-26,01-FEB-26,28-FEB-26,99436154,"DRAFT","PRODUCTOS ALIMENTICIOS DOGGER S.A.S.","ALIMENTOS Y BEBIDAS","VENTAS","CICLO 2"
"14112",5,01-ENE-26,31-ENE-26,01-ENE-26,31-ENE-26,105819871,"APPROVED","DISTRIBUIDORA DOÑA ELENA S.A","ALIMENTOS Y BEBIDAS","VENTAS","CICLO 2"
"14112",5,01-FEB-26,28-FEB-26,01-FEB-26,28-FEB-26,110046628,"APPROVED","DISTRIBUIDORA DOÑA ELENA S.A","ALIMENTOS Y BEBIDAS","VENTAS","CICLO 2"
"14114",6,01-ENE-26,31-ENE-26,01-ENE-26,31-ENE-26,12197394,"APPROVED","TURISMO DEL MORROSQUILLO LIMITADA","OTROS INGRESOS COMERC","VENTAS","CICLO 2"
"14115",9,01-ENE-26,31-ENE-26,01-ENE-26,31-ENE-26,2136,"APPROVED","GLOBAL LOUNGE COLOMBIA SAS","SALAS VIP","PASAJEROS","CICLO 3"
"14115",9,01-FEB-26,28-FEB-26,01-FEB-26,28-FEB-26,2548,"DRAFT","GLOBAL LOUNGE COLOMBIA SAS","SALAS VIP","PASAJEROS","CICLO 3"
"14117",6,01-ENE-26,31-ENE-26,01-ENE-26,31-ENE-26,238804,"APPROVED","ORGANIZACION TERPEL S.A.","COMBUSTIBLE","GALONES","CICLO 3"
"14117",6,01-FEB-26,28-FEB-26,01-FEB-26,28-FEB-26,253743,"APPROVED","ORGANIZACION TERPEL S.A.","COMBUSTIBLE","GALONES","CICLO 3"
"14118",15,01-ENE-26,31-ENE-26,01-ENE-26,31-ENE-26,8950,"APPROVED","ENERGIZAR S.A.S","COMBUSTIBLE","GALONES","CICLO 3"
"14118",15,01-FEB-26,28-FEB-26,01-FEB-26,28-FEB-26,5638,"APPROVED","ENERGIZAR S.A.S","COMBUSTIBLE","GALONES","CICLO 3"
"14120",6,01-ENE-26,31-ENE-26,01-ENE-26,31-ENE-26,1101,"APPROVED","SECURITAS COLOMBIA S.A.","HBS","PASAJEROS","CICLO 3"
"14120",6,01-FEB-26,28-FEB-26,01-FEB-26,28-FEB-26,1538,"APPROVED","SECURITAS COLOMBIA S.A.","HBS","PASAJEROS","CICLO 3"
"14122",7,01-ENE-26,31-ENE-26,01-ENE-26,31-ENE-26,32153,"APPROVED","ENERGIZAR S.A.S","COMBUSTIBLE","GALONES","CICLO 3"
"14122",7,01-FEB-26,28-FEB-26,01-FEB-26,28-FEB-26,25335,"APPROVED","ENERGIZAR S.A.S","COMBUSTIBLE","GALONES","CICLO 3"
"14123",5,01-ENE-26,31-ENE-26,01-ENE-26,31-ENE-26,38288500,"APPROVED","RICARDO LEDEZMA COPETE","ALIMENTOS Y BEBIDAS","VENTAS","CICLO 2"
"14124",6,01-ENE-26,31-ENE-26,01-ENE-26,31-ENE-26,2288898,"APPROVED","RED DE SERVICIOS DE OCCIDENTE S.A","BANCOS Y CASAS CAMBIO","VENTAS","CICLO 2"
"14124",6,01-ENE-26,31-ENE-26,01-ENE-26,31-ENE-26,13184775,"APPROVED","RED DE SERVICIOS DE OCCIDENTE S.A","BANCOS Y CASAS CAMBIO","VENTAS","CICLO 2"
"14124",6,01-FEB-26,28-FEB-26,01-FEB-26,28-FEB-26,1985724,"APPROVED","RED DE SERVICIOS DE OCCIDENTE S.A","BANCOS Y CASAS CAMBIO","VENTAS","CICLO 2"
"14124",6,01-FEB-26,28-FEB-26,01-FEB-26,28-FEB-26,13370976,"APPROVED","RED DE SERVICIOS DE OCCIDENTE S.A","BANCOS Y CASAS CAMBIO","VENTAS","CICLO 2"
"14126",6,01-ENE-26,31-ENE-26,01-ENE-26,31-ENE-26,16885,"APPROVED","SECURITAS COLOMBIA S.A.","HBS","PASAJEROS","CICLO 3"
"14126",6,01-FEB-26,28-FEB-26,01-FEB-26,28-FEB-26,16842,"APPROVED","SECURITAS COLOMBIA S.A.","HBS","PASAJEROS","CICLO 3"
"14127",9,01-ENE-26,31-ENE-26,01-ENE-26,31-ENE-26,5125510954,"APPROVED","DUTY FREE PARTNERS COLOMBIA S.A.S.","PUBLICIDAD","VENTAS","CICLO 2"
"14127",9,01-FEB-26,28-FEB-26,01-FEB-26,28-FEB-26,4058621982.27,"APPROVED","DUTY FREE PARTNERS COLOMBIA S.A.S.","PUBLICIDAD","VENTAS","CICLO 2"
"14130",9,01-ENE-26,31-ENE-26,01-ENE-26,31-ENE-26,255712166,"APPROVED","COMPAÑIA MANUFACTURERA MANISOL S A","VENTAS DETALLE","VENTAS","CICLO 2"
"14134",6,01-ENE-26,31-ENE-26,01-ENE-26,31-ENE-26,17248000,"APPROVED","FRANCISCO LUIS VASQUEZ RESTREPO","ALIMENTOS Y BEBIDAS","VENTAS","CICLO 2"
"14134",6,01-FEB-26,28-FEB-26,01-FEB-26,28-FEB-26,16043000,"APPROVED","FRANCISCO LUIS VASQUEZ RESTREPO","ALIMENTOS Y BEBIDAS","VENTAS","CICLO 2"
"14135",9,01-ENE-26,31-ENE-26,01-ENE-26,31-ENE-26,90609579.86,"APPROVED","SAPIA C I S.A.S","VENTAS DETALLE","VENTAS","CICLO 2"
"14135",9,01-FEB-26,28-FEB-26,01-FEB-26,28-FEB-26,85498487.6,"APPROVED","SAPIA C I S.A.S","VENTAS DETALLE","VENTAS","CICLO 2"
"14137",8,01-ENE-26,31-ENE-26,01-ENE-26,31-ENE-26,803642104,"APPROVED","MERA MEDELLIN S.A.S","ALIMENTOS Y BEBIDAS","VENTAS","CICLO 2"
"14137",8,01-FEB-26,28-FEB-26,01-FEB-26,28-FEB-26,927052275,"APPROVED","MERA MEDELLIN S.A.S","ALIMENTOS Y BEBIDAS","VENTAS","CICLO 2"
"14138",8,01-ENE-26,31-ENE-26,01-ENE-26,31-ENE-26,140789243,"APPROVED","MERA MEDELLIN S.A.S","ALIMENTOS Y BEBIDAS","VENTAS","CICLO 2"
"14138",8,01-FEB-26,28-FEB-26,01-FEB-26,28-FEB-26,168486395,"APPROVED","MERA MEDELLIN S.A.S","ALIMENTOS Y BEBIDAS","VENTAS","CICLO 2"
"14140",6,01-ENE-26,31-ENE-26,01-ENE-26,31-ENE-26,390997504,"APPROVED","MASSY MOTORS RENTALS S.A.S.","ARRENDAMIENTO AUTOS","VENTAS","CICLO 2"
"14140",6,01-FEB-26,28-FEB-26,01-FEB-26,28-FEB-26,435684133,"APPROVED","MASSY MOTORS RENTALS S.A.S.","ARRENDAMIENTO AUTOS","VENTAS","CICLO 2"
"14141",6,01-ENE-26,31-ENE-26,01-ENE-26,31-ENE-26,164863483,"APPROVED","MASSY MOTORS RENTALS S.A.S.","ARRENDAMIENTO AUTOS","VENTAS","CICLO 2"
"14141",6,01-FEB-26,28-FEB-26,01-FEB-26,28-FEB-26,124768995,"APPROVED","MASSY MOTORS RENTALS S.A.S.","ARRENDAMIENTO AUTOS","VENTAS","CICLO 2"
"14142",6,01-ENE-26,31-ENE-26,01-ENE-26,31-ENE-26,66194984,"APPROVED","MASSY MOTORS RENTALS S.A.S.","ARRENDAMIENTO AUTOS","VENTAS","CICLO 2"
"14142",6,01-FEB-26,28-FEB-26,01-FEB-26,28-FEB-26,41101057,"APPROVED","MASSY MOTORS RENTALS S.A.S.","ARRENDAMIENTO AUTOS","VENTAS","CICLO 2"
"14143",7,01-ENE-26,31-ENE-26,01-ENE-26,31-ENE-26,354815404.11,"APPROVED","LICORES DE COLOMBIA LTDA","VENTAS DETALLE","VENTAS","CICLO 2"
"14143",7,01-FEB-26,28-FEB-26,01-FEB-26,28-FEB-26,348481358.99,"APPROVED","LICORES DE COLOMBIA LTDA","VENTAS DETALLE","VENTAS","CICLO 2"
"14144",10,01-ENE-26,31-ENE-26,01-ENE-26,31-ENE-26,222771048,"APPROVED","GLOBOSHOPS S.A.S.","VENTAS DETALLE","VENTAS","CICLO 2"
"14144",10,01-ENE-26,31-ENE-26,01-ENE-26,31-ENE-26,40522301,"APPROVED","GLOBOSHOPS S.A.S.","VENTAS DETALLE","VENTAS","CICLO 2"
"14144",10,01-FEB-26,28-FEB-26,01-FEB-26,28-FEB-26,46112992,"APPROVED","GLOBOSHOPS S.A.S.","VENTAS DETALLE","VENTAS","CICLO 2"
"14144",10,01-FEB-26,28-FEB-26,01-FEB-26,28-FEB-26,257224517,"APPROVED","GLOBOSHOPS S.A.S.","VENTAS DETALLE","VENTAS","CICLO 2"
"14146",6,01-ENE-26,31-ENE-26,01-ENE-26,31-ENE-26,107792479,"APPROVED","COSMETIKA S.A.S.","VENTAS DETALLE","VENTAS","CICLO 2"
"14146",6,01-FEB-26,28-FEB-26,01-FEB-26,28-FEB-26,99936016.79,"APPROVED","COSMETIKA S.A.S.","VENTAS DETALLE","VENTAS","CICLO 2"
"14148",6,01-ENE-26,31-ENE-26,01-ENE-26,31-ENE-26,487753087.29,"APPROVED","RENTING COLOMBIA S.A.S","ARRENDAMIENTO AUTOS","VENTAS","CICLO 2"
"14148",6,01-FEB-26,28-FEB-26,01-FEB-26,28-FEB-26,402119568.69,"APPROVED","RENTING COLOMBIA S.A.S","ARRENDAMIENTO AUTOS","VENTAS","CICLO 2"
"14151",6,01-ENE-26,31-ENE-26,01-ENE-26,31-ENE-26,78141224,"APPROVED","DISTRIBUIDORA PASTEUR S.A","VENTAS DETALLE","VENTAS","CICLO 2"
"14151",6,01-FEB-26,28-FEB-26,01-FEB-26,28-FEB-26,64898747,"APPROVED","DISTRIBUIDORA PASTEUR S.A","VENTAS DETALLE","VENTAS","CICLO 2"
"14156",5,01-ENE-26,31-ENE-26,01-ENE-26,31-ENE-26,1358,"APPROVED","FLUGAS S.A.S","OTROS INGRESOS COMERC","VENTAS","CICLO 2"
"14157",6,01-ENE-26,31-ENE-26,01-ENE-26,31-ENE-26,601,"APPROVED","TERPEL EXPORTACIONES C.I S.A.S","COMBUSTIBLE","GALONES","CICLO 3"
"14157",6,01-FEB-26,28-FEB-26,01-FEB-26,28-FEB-26,600,"APPROVED","TERPEL EXPORTACIONES C.I S.A.S","COMBUSTIBLE","GALONES","CICLO 3"
"14160",5,01-ENE-26,31-ENE-26,01-ENE-26,31-ENE-26,59189468,"APPROVED","CARCAMOVIL COLOMBIA S.A.S.","VENTAS DETALLE","VENTAS","CICLO 2"
"14160",5,01-ENE-26,31-ENE-26,01-ENE-26,31-ENE-26,29153022,"APPROVED","CARCAMOVIL COLOMBIA S.A.S.","VENTAS DETALLE","VENTAS","CICLO 2"
"14160",5,01-FEB-26,28-FEB-26,01-FEB-26,28-FEB-26,26853116,"APPROVED","CARCAMOVIL COLOMBIA S.A.S.","VENTAS DETALLE","VENTAS","CICLO 2"
"14160",5,01-FEB-26,28-FEB-26,01-FEB-26,28-FEB-26,54519964,"APPROVED","CARCAMOVIL COLOMBIA S.A.S.","VENTAS DETALLE","VENTAS","CICLO 2"
"15005",5,01-ENE-26,31-ENE-26,01-ENE-26,31-ENE-26,12,"APPROVED","GIRAG S.A.","CARGO OPERAC TIERRA","OPERS","CICLO 3"
"15005",5,01-ENE-26,31-ENE-26,01-ENE-26,31-ENE-26,4,"APPROVED","GIRAG S.A.","CARGO OPERAC TIERRA","OPERS","CICLO 3"
"15005",5,01-ENE-26,31-ENE-26,01-ENE-26,31-ENE-26,28,"APPROVED","GIRAG S.A.","CARGO OPERAC TIERRA","OPERS","CICLO 3"
"15005",5,01-FEB-26,28-FEB-26,01-FEB-26,28-FEB-26,23,"APPROVED","GIRAG S.A.","CARGO OPERAC TIERRA","OPERS","CICLO 3"
"15005",5,01-FEB-26,28-FEB-26,01-FEB-26,28-FEB-26,22,"APPROVED","GIRAG S.A.","CARGO OPERAC TIERRA","OPERS","CICLO 3"
"15008",6,01-ENE-26,31-ENE-26,01-ENE-26,31-ENE-26,4,"APPROVED","LASA S.A.","CARGO OPERAC TIERRA","OPERS","CICLO 3"
"15008",6,01-ENE-26,31-ENE-26,01-ENE-26,31-ENE-26,138,"APPROVED","LASA S.A.","CARGO OPERAC TIERRA","OPERS","CICLO 3"
"15008",6,01-ENE-26,31-ENE-26,01-ENE-26,31-ENE-26,341,"APPROVED","LASA S.A.","CARGO OPERAC TIERRA","OPERS","CICLO 3"
"15008",6,01-FEB-26,28-FEB-26,01-FEB-26,28-FEB-26,307,"APPROVED","LASA S.A.","CARGO OPERAC TIERRA","OPERS","CICLO 3"
"15008",6,01-FEB-26,28-FEB-26,01-FEB-26,28-FEB-26,5,"APPROVED","LASA S.A.","CARGO OPERAC TIERRA","OPERS","CICLO 3"
"15008",6,01-FEB-26,28-FEB-26,01-FEB-26,28-FEB-26,179,"APPROVED","LASA S.A.","CARGO OPERAC TIERRA","OPERS","CICLO 3"
"15011",6,01-ENE-26,31-ENE-26,01-ENE-26,31-ENE-26,283,"APPROVED","MARCAPASOS S.A.S","CARGO OPERAC TIERRA","OPERS","CICLO 3"
"15011",6,01-FEB-26,28-FEB-26,01-FEB-26,28-FEB-26,283,"APPROVED","MARCAPASOS S.A.S","CARGO OPERAC TIERRA","OPERS","CICLO 3"
"15013",12,01-ENE-26,31-ENE-26,01-ENE-26,31-ENE-26,24,"APPROVED","INTERNACIONAL EJECUTIVA DE AVIACION S.A.S","FBO","OPERS","CICLO 3"
"15013",12,01-ENE-26,31-ENE-26,01-ENE-26,31-ENE-26,5,"APPROVED","INTERNACIONAL EJECUTIVA DE AVIACION S.A.S","FBO","OPERS","CICLO 3"
"15013",12,01-ENE-26,31-ENE-26,01-ENE-26,31-ENE-26,30,"APPROVED","INTERNACIONAL EJECUTIVA DE AVIACION S.A.S","FBO","OPERS","CICLO 3"
"15013",12,01-FEB-26,28-FEB-26,01-FEB-26,28-FEB-26,25,"APPROVED","INTERNACIONAL EJECUTIVA DE AVIACION S.A.S","FBO","OPERS","CICLO 3"
"15013",12,01-FEB-26,28-FEB-26,01-FEB-26,28-FEB-26,12,"APPROVED","INTERNACIONAL EJECUTIVA DE AVIACION S.A.S","FBO","OPERS","CICLO 3"
"15013",12,01-FEB-26,28-FEB-26,01-FEB-26,28-FEB-26,4,"APPROVED","INTERNACIONAL EJECUTIVA DE AVIACION S.A.S","FBO","OPERS","CICLO 3"
"16000",10,01-ENE-26,31-ENE-26,01-ENE-26,31-ENE-26,3558.74,"APPROVED","AIRES AEROVIAS INTEGRACION REGIONAL S.A","ASIGNACION MOSTRADOR","HORAS","NO DEFINIDO"
"16000",10,01-FEB-26,28-FEB-26,01-FEB-26,28-FEB-26,3758.39,"APPROVED","AIRES AEROVIAS INTEGRACION REGIONAL S.A","ASIGNACION MOSTRADOR","HORAS","NO DEFINIDO"
"16001",10,01-ENE-26,31-ENE-26,01-ENE-26,31-ENE-26,992.42,"APPROVED","AMERICAN AIRLINES","ASIGNACION MOSTRADOR","HORAS","NO DEFINIDO"
"16001",10,01-FEB-26,28-FEB-26,01-FEB-26,28-FEB-26,971.68,"APPROVED","AMERICAN AIRLINES","ASIGNACION MOSTRADOR","HORAS","NO DEFINIDO"
"16002",11,01-ENE-26,31-ENE-26,01-ENE-26,31-ENE-26,721.09,"APPROVED","JET BLUE AIRWAYS CORPORATION SUCURSAL COLOMBIA","ASIGNACION MOSTRADOR","HORAS","NO DEFINIDO"
"16002",11,01-FEB-26,28-FEB-26,01-FEB-26,28-FEB-26,783.36,"APPROVED","JET BLUE AIRWAYS CORPORATION SUCURSAL COLOMBIA","ASIGNACION MOSTRADOR","HORAS","NO DEFINIDO"
"16003",10,01-ENE-26,31-ENE-26,01-ENE-26,31-ENE-26,1466.86,"APPROVED","SPIRIT AIRLINES INC","ASIGNACION MOSTRADOR","HORAS","NO DEFINIDO"
"16003",10,01-FEB-26,28-FEB-26,01-FEB-26,28-FEB-26,789.26,"APPROVED","SPIRIT AIRLINES INC","ASIGNACION MOSTRADOR","HORAS","NO DEFINIDO"
"16011",11,01-ENE-26,31-ENE-26,01-ENE-26,31-ENE-26,4464,"APPROVED","AEROMEXICO SUCURSAL COLOMBIA","ASIGNACION MOSTRADOR","PASAJEROS","CICLO 3"
"16011",11,01-FEB-26,28-FEB-26,01-FEB-26,28-FEB-26,5106,"APPROVED","AEROMEXICO SUCURSAL COLOMBIA","ASIGNACION MOSTRADOR","PASAJEROS","CICLO 3"
"16012",6,01-ENE-26,31-ENE-26,01-ENE-26,31-ENE-26,8870,"APPROVED","AIR EUROPA LINEAS AEREAS SOCIEDAD ANONIMA","ASIGNACION MOSTRADOR","PASAJEROS","CICLO 3"
"16012",6,01-FEB-26,28-FEB-26,01-FEB-26,28-FEB-26,8813,"APPROVED","AIR EUROPA LINEAS AEREAS SOCIEDAD ANONIMA","ASIGNACION MOSTRADOR","PASAJEROS","CICLO 3"
"16015",5,01-ENE-26,31-ENE-26,01-ENE-26,31-ENE-26,1292363357,"APPROVED","GODDARD CATERING GROUP COLOMBIA","CATERING","VENTAS","CICLO 2"
"16015",5,01-FEB-26,28-FEB-26,01-FEB-26,28-FEB-26,1185768114,"APPROVED","GODDARD CATERING GROUP COLOMBIA","CATERING","VENTAS","CICLO 2"
"16016",6,01-ENE-26,31-ENE-26,01-ENE-26,31-ENE-26,638,"APPROVED","COMPAÑIA AERO AGRICOLA INTEGRAL S.A.S - CAAISA","OTROS INGRESOS COMERC","OPERS","CICLO 3"
"16016",6,01-FEB-26,28-FEB-26,01-FEB-26,28-FEB-26,509,"APPROVED","COMPAÑIA AERO AGRICOLA INTEGRAL S.A.S - CAAISA","OTROS INGRESOS COMERC","OPERS","CICLO 3"
"16017",8,01-ENE-26,31-ENE-26,01-ENE-26,31-ENE-26,31488063.47,"APPROVED","SAPIA C I S.A.S","VENTAS DETALLE","VENTAS","CICLO 2"
"16017",8,01-FEB-26,28-FEB-26,01-FEB-26,28-FEB-26,43112937.32,"DRAFT","SAPIA C I S.A.S","VENTAS DETALLE","VENTAS","CICLO 2"
"16018",8,01-ENE-26,31-ENE-26,01-ENE-26,31-ENE-26,83165545.23,"APPROVED","SAPIA C I S.A.S","VENTAS DETALLE","VENTAS","CICLO 2"
"16018",8,01-FEB-26,28-FEB-26,01-FEB-26,28-FEB-26,110265381.18,"DRAFT","SAPIA C I S.A.S","VENTAS DETALLE","VENTAS","CICLO 2"
"16019",8,01-ENE-26,31-ENE-26,01-ENE-26,31-ENE-26,51533109.27,"APPROVED","SAPIA C I S.A.S","VENTAS DETALLE","VENTAS","CICLO 2"
"16019",8,01-FEB-26,28-FEB-26,01-FEB-26,28-FEB-26,64491119.75,"DRAFT","SAPIA C I S.A.S","VENTAS DETALLE","VENTAS","CICLO 2"
"16021",11,01-ENE-26,31-ENE-26,01-ENE-26,31-ENE-26,59655,"APPROVED","AEROREPUBLICA S.A.","ASIGNACION MOSTRADOR","PASAJEROS","CICLO 3"
"16021",11,01-FEB-26,28-FEB-26,01-FEB-26,28-FEB-26,66422,"APPROVED","AEROREPUBLICA S.A.","ASIGNACION MOSTRADOR","PASAJEROS","CICLO 3"
"18000",5,01-ENE-26,31-ENE-26,01-ENE-26,31-ENE-26,60909,"APPROVED","CUEROS VELEZ S.A.S","VENTAS DETALLE","PASAJEROS","CICLO 3"
"18000",5,01-FEB-26,28-FEB-26,01-FEB-26,28-FEB-26,49667,"APPROVED","CUEROS VELEZ S.A.S","VENTAS DETALLE","PASAJEROS","CICLO 3"
"18001",5,01-ENE-26,31-ENE-26,01-ENE-26,31-ENE-26,152793979,"APPROVED","CUEROS VELEZ S.A.S","VENTAS DETALLE","VENTAS","CICLO 2"
"18001",5,01-FEB-26,28-FEB-26,01-FEB-26,28-FEB-26,84013005,"APPROVED","CUEROS VELEZ S.A.S","VENTAS DETALLE","VENTAS","CICLO 2"
"18002",8,01-ENE-26,31-ENE-26,01-ENE-26,31-ENE-26,501170,"APPROVED","MERA MEDELLIN S.A.S","ALIMENTOS Y BEBIDAS","PASAJEROS","CICLO 3"
"18002",8,01-FEB-26,28-FEB-26,01-FEB-26,28-FEB-26,525661,"APPROVED","MERA MEDELLIN S.A.S","ALIMENTOS Y BEBIDAS","PASAJEROS","CICLO 3"
"18003",8,01-ENE-26,31-ENE-26,01-ENE-26,31-ENE-26,367806181,"APPROVED","MERA MEDELLIN S.A.S","ALIMENTOS Y BEBIDAS","VENTAS","CICLO 2"
"18003",8,01-FEB-26,28-FEB-26,01-FEB-26,28-FEB-26,406082966,"APPROVED","MERA MEDELLIN S.A.S","ALIMENTOS Y BEBIDAS","VENTAS","CICLO 2"
"18004",8,01-ENE-26,31-ENE-26,01-ENE-26,31-ENE-26,501170,"APPROVED","MERA MEDELLIN S.A.S","ALIMENTOS Y BEBIDAS","PASAJEROS","CICLO 3"
"18004",8,01-FEB-26,28-FEB-26,01-FEB-26,28-FEB-26,525661,"APPROVED","MERA MEDELLIN S.A.S","ALIMENTOS Y BEBIDAS","PASAJEROS","CICLO 3"
"18005",8,01-ENE-26,31-ENE-26,01-ENE-26,31-ENE-26,704549066,"APPROVED","MERA MEDELLIN S.A.S","ALIMENTOS Y BEBIDAS","VENTAS","CICLO 2"
"18005",8,01-FEB-26,28-FEB-26,01-FEB-26,28-FEB-26,722908556,"APPROVED","MERA MEDELLIN S.A.S","ALIMENTOS Y BEBIDAS","VENTAS","CICLO 2"
"20001",8,01-ENE-26,31-ENE-26,01-ENE-26,31-ENE-26,775703,"APPROVED","AEROSAN S.A.S.","CARGA","CARGA_MOV","CICLO 3"
"20001",8,01-FEB-26,28-FEB-26,01-FEB-26,28-FEB-26,695150,"APPROVED","AEROSAN S.A.S.","CARGA","CARGA_MOV","CICLO 3"
"23000",5,01-ENE-26,31-ENE-26,01-ENE-26,31-ENE-26,25,"APPROVED","MOON FLIGHTS S.A.S","CARGO OPERAC TIERRA","OPERS","CICLO 3"
"23000",5,01-FEB-26,28-FEB-26,01-FEB-26,28-FEB-26,21,"APPROVED","MOON FLIGHTS S.A.S","CARGO OPERAC TIERRA","OPERS","CICLO 3"
"25000",8,01-ENE-26,31-ENE-26,01-ENE-26,31-ENE-26,803642104,"APPROVED","MERA MEDELLIN S.A.S","PUBLICIDAD","VENTAS","CICLO 2"
"25000",8,01-FEB-26,28-FEB-26,01-FEB-26,28-FEB-26,927052275,"APPROVED","MERA MEDELLIN S.A.S","PUBLICIDAD","VENTAS","CICLO 2"
"25001",8,01-ENE-26,31-ENE-26,01-ENE-26,31-ENE-26,140789243,"APPROVED","MERA MEDELLIN S.A.S","PUBLICIDAD","VENTAS","CICLO 2"
"25001",8,01-FEB-26,28-FEB-26,01-FEB-26,28-FEB-26,168486395,"APPROVED","MERA MEDELLIN S.A.S","PUBLICIDAD","VENTAS","CICLO 2"
"26000",8,01-ENE-26,31-ENE-26,01-ENE-26,31-ENE-26,704549066,"APPROVED","MERA MEDELLIN S.A.S","PUBLICIDAD","VENTAS","CICLO 2"
"26000",8,01-FEB-26,28-FEB-26,01-FEB-26,28-FEB-26,722908556,"APPROVED","MERA MEDELLIN S.A.S","PUBLICIDAD","VENTAS","CICLO 2"
"26001",8,01-ENE-26,31-ENE-26,01-ENE-26,31-ENE-26,367806181,"APPROVED","MERA MEDELLIN S.A.S","PUBLICIDAD","VENTAS","CICLO 2"
"26001",8,01-FEB-26,28-FEB-26,01-FEB-26,28-FEB-26,406082966,"APPROVED","MERA MEDELLIN S.A.S","PUBLICIDAD","VENTAS","CICLO 2"
"27000",6,01-ENE-26,31-ENE-26,01-ENE-26,31-ENE-26,8039,"APPROVED","SECURITAS COLOMBIA S.A.S.","HBS","PASAJEROS","CICLO 3"
"27000",6,01-FEB-26,28-FEB-26,01-FEB-26,28-FEB-26,7859,"APPROVED","SECURITAS COLOMBIA S.A.S.","HBS","PASAJEROS","CICLO 3"
"30000",6,01-ENE-26,31-ENE-26,01-ENE-26,31-ENE-26,34081,"APPROVED","CIA PANAMEÑA DE AVIACION S.A.","ASIGNACION MOSTRADOR","PASAJEROS","CICLO 3"
"30000",6,01-FEB-26,28-FEB-26,01-FEB-26,28-FEB-26,40415,"APPROVED","CIA PANAMEÑA DE AVIACION S.A.","ASIGNACION MOSTRADOR","PASAJEROS","CICLO 3"
"31000",5,01-ENE-26,31-ENE-26,01-ENE-26,31-ENE-26,693113,"APPROVED","NALSANI S.A.S","VENTAS DETALLE","PASAJEROS","CICLO 3"
"31000",5,01-FEB-26,28-FEB-26,01-FEB-26,28-FEB-26,739722,"APPROVED","NALSANI S.A.S","VENTAS DETALLE","PASAJEROS","CICLO 3"
"31001",5,01-ENE-26,31-ENE-26,01-ENE-26,31-ENE-26,164083346,"APPROVED","NALSANI S.A.S","VENTAS DETALLE","VENTAS","CICLO 2"
"31001",5,01-FEB-26,28-FEB-26,01-FEB-26,28-FEB-26,132750496,"APPROVED","NALSANI S.A.S","VENTAS DETALLE","VENTAS","CICLO 2"
"32000",6,01-ENE-26,31-ENE-26,01-ENE-26,31-ENE-26,501170,"APPROVED","GLOBOSHOPS S.A.S","VENTAS DETALLE","PASAJEROS","CICLO 3"
"32000",6,01-FEB-26,28-FEB-26,01-FEB-26,28-FEB-26,525661,"APPROVED","GLOBOSHOPS S.A.S","VENTAS DETALLE","PASAJEROS","CICLO 3"
"32001",6,01-ENE-26,31-ENE-26,01-ENE-26,31-ENE-26,132070327,"APPROVED","GLOBOSHOPS S.A.S","VENTAS DETALLE","VENTAS","CICLO 2"
"32001",6,01-FEB-26,28-FEB-26,01-FEB-26,28-FEB-26,142288913,"APPROVED","GLOBOSHOPS S.A.S","VENTAS DETALLE","VENTAS","CICLO 2"
"33000",5,01-ENE-26,31-ENE-26,01-ENE-26,31-ENE-26,55863329,"APPROVED","GLOBO CAMBIO FOREIGN EXCHANGE S.A.S.","BANCOS Y CASAS CAMBIO","VENTAS","CICLO 2"
"33000",5,01-FEB-26,28-FEB-26,01-FEB-26,28-FEB-26,43192320,"APPROVED","GLOBO CAMBIO FOREIGN EXCHANGE S.A.S.","BANCOS Y CASAS CAMBIO","VENTAS","CICLO 2"
"33001",5,01-ENE-26,31-ENE-26,01-ENE-26,31-ENE-26,138197962,"APPROVED","GLOBO CAMBIO FOREIGN EXCHANGE S.A.S.","BANCOS Y CASAS CAMBIO","VENTAS","CICLO 2"
"33001",5,01-FEB-26,28-FEB-26,01-FEB-26,28-FEB-26,131774486,"APPROVED","GLOBO CAMBIO FOREIGN EXCHANGE S.A.S.","BANCOS Y CASAS CAMBIO","VENTAS","CICLO 2"
"34000",5,01-ENE-26,31-ENE-26,01-ENE-26,31-ENE-26,725996,"APPROVED","ESTRELLA ANDINA S.A.S.","ALIMENTOS Y BEBIDAS","PASAJEROS","CICLO 3"
"34000",5,01-FEB-26,28-FEB-26,01-FEB-26,28-FEB-26,723285,"APPROVED","ESTRELLA ANDINA S.A.S.","ALIMENTOS Y BEBIDAS","PASAJEROS","CICLO 3"
"36000",5,01-ENE-26,31-ENE-26,01-ENE-26,31-ENE-26,94484713,"APPROVED","CAMBIOS INTER 1A SAS","BANCOS Y CASAS CAMBIO","VENTAS","CICLO 2"
"36000",5,01-FEB-26,28-FEB-26,01-FEB-26,28-FEB-26,81789734,"APPROVED","CAMBIOS INTER 1A SAS","BANCOS Y CASAS CAMBIO","VENTAS","CICLO 2"
"36001",5,01-ENE-26,31-ENE-26,01-ENE-26,31-ENE-26,166825444,"APPROVED","ESTRELLA ANDINA S.A.S.","ALIMENTOS Y BEBIDAS","VENTAS","CICLO 2"
"36001",5,01-FEB-26,28-FEB-26,01-FEB-26,28-FEB-26,178973612,"APPROVED","ESTRELLA ANDINA S.A.S.","ALIMENTOS Y BEBIDAS","VENTAS","CICLO 2"
"36002",5,01-ENE-26,31-ENE-26,01-ENE-26,31-ENE-26,501170,"APPROVED","ESTRELLA ANDINA S.A.S.","ALIMENTOS Y BEBIDAS","PASAJEROS","CICLO 3"
"36002",5,01-FEB-26,28-FEB-26,01-FEB-26,28-FEB-26,525661,"APPROVED","ESTRELLA ANDINA S.A.S.","ALIMENTOS Y BEBIDAS","PASAJEROS","CICLO 3"
"36003",5,01-ENE-26,31-ENE-26,01-ENE-26,31-ENE-26,251515116,"APPROVED","ESTRELLA ANDINA S.A.S.","ALIMENTOS Y BEBIDAS","VENTAS","CICLO 2"
"36003",5,01-FEB-26,28-FEB-26,01-FEB-26,28-FEB-26,258075406,"APPROVED","ESTRELLA ANDINA S.A.S.","ALIMENTOS Y BEBIDAS","VENTAS","CICLO 2"
"36004",5,01-ENE-26,31-ENE-26,01-ENE-26,31-ENE-26,725996,"APPROVED","DONUTS DE ANTIOQUIA S.A.S.","ALIMENTOS Y BEBIDAS","PASAJEROS","CICLO 3"
"36004",5,01-FEB-26,28-FEB-26,01-FEB-26,28-FEB-26,723285,"APPROVED","DONUTS DE ANTIOQUIA S.A.S.","ALIMENTOS Y BEBIDAS","PASAJEROS","CICLO 3"
"36005",5,01-ENE-26,31-ENE-26,01-ENE-26,31-ENE-26,151157384.34,"APPROVED","DONUTS DE ANTIOQUIA S.A.S.","ALIMENTOS Y BEBIDAS","VENTAS","CICLO 2"
"36005",5,01-FEB-26,28-FEB-26,01-FEB-26,28-FEB-26,138656684,"APPROVED","DONUTS DE ANTIOQUIA S.A.S.","ALIMENTOS Y BEBIDAS","VENTAS","CICLO 2"
"37000",5,01-ENE-26,31-ENE-26,01-ENE-26,31-ENE-26,17896,"APPROVED","INVERSISA S.A.S.","ALIMENTOS Y BEBIDAS","PASAJEROS","CICLO 3"
"37000",5,01-FEB-26,28-FEB-26,01-FEB-26,28-FEB-26,17526,"APPROVED","INVERSISA S.A.S.","ALIMENTOS Y BEBIDAS","PASAJEROS","CICLO 3"
"37001",5,01-ENE-26,31-ENE-26,01-ENE-26,31-ENE-26,59100714,"APPROVED","INVERSISA S.A.S.","ALIMENTOS Y BEBIDAS","VENTAS","CICLO 2"
"37001",5,01-FEB-26,28-FEB-26,01-FEB-26,28-FEB-26,52489207,"APPROVED","INVERSISA S.A.S.","ALIMENTOS Y BEBIDAS","VENTAS","CICLO 2"
"39000",5,01-ENE-26,31-ENE-26,01-ENE-26,31-ENE-26,693113,"APPROVED","CAFE DE SANTA BARBARA S.A.S.","ALIMENTOS Y BEBIDAS","PASAJEROS","CICLO 3"
"39000",5,01-FEB-26,28-FEB-26,01-FEB-26,28-FEB-26,739722,"APPROVED","CAFE DE SANTA BARBARA S.A.S.","ALIMENTOS Y BEBIDAS","PASAJEROS","CICLO 3"
"39001",5,01-ENE-26,31-ENE-26,01-ENE-26,31-ENE-26,505247184,"APPROVED","CAFE DE SANTA BARBARA S.A.S.","ALIMENTOS Y BEBIDAS","VENTAS","CICLO 2"
"39001",5,01-FEB-26,28-FEB-26,01-FEB-26,28-FEB-26,557204861,"APPROVED","CAFE DE SANTA BARBARA S.A.S.","ALIMENTOS Y BEBIDAS","VENTAS","CICLO 2"
"40000",5,01-ENE-26,31-ENE-26,01-ENE-26,31-ENE-26,59726853,"APPROVED","DISTRIBUIDORA PASTEUR S.A","VENTAS DETALLE","VENTAS","CICLO 2"
"40000",5,01-FEB-26,28-FEB-26,01-FEB-26,28-FEB-26,60094581,"APPROVED","DISTRIBUIDORA PASTEUR S.A","VENTAS DETALLE","VENTAS","CICLO 2"
"43000",5,01-ENE-26,31-ENE-26,01-ENE-26,31-ENE-26,171434666,"APPROVED","EURO SERVICIOS S.A.S","BANCOS Y CASAS CAMBIO","VENTAS","CICLO 2"
"43000",5,01-FEB-26,28-FEB-26,01-FEB-26,28-FEB-26,121204022,"APPROVED","EURO SERVICIOS S.A.S","BANCOS Y CASAS CAMBIO","VENTAS","CICLO 2"
"45000",6,01-ENE-26,31-ENE-26,01-ENE-26,31-ENE-26,221046,"APPROVED","RENTING COLOMBIA S.A.S","ARRENDAMIENTO AUTOS","PASAJEROS","CICLO 3"
"45000",6,01-FEB-26,28-FEB-26,01-FEB-26,28-FEB-26,200714,"APPROVED","RENTING COLOMBIA S.A.S","ARRENDAMIENTO AUTOS","PASAJEROS","CICLO 3"
"45001",6,01-ENE-26,31-ENE-26,01-ENE-26,31-ENE-26,849920974.87,"APPROVED","RENTING COLOMBIA S.A.S","ARRENDAMIENTO AUTOS","VENTAS","CICLO 2"
"45001",6,01-FEB-26,28-FEB-26,01-FEB-26,28-FEB-26,743351273.44,"APPROVED","RENTING COLOMBIA S.A.S","ARRENDAMIENTO AUTOS","VENTAS","CICLO 2"
"46000",5,01-ENE-26,31-ENE-26,01-ENE-26,31-ENE-26,3812,"APPROVED","MOON FLIGHTS S.A.S.","ASIGNACION MOSTRADOR","PASAJEROS","CICLO 3"
"46000",5,01-FEB-26,28-FEB-26,01-FEB-26,28-FEB-26,2056,"APPROVED","MOON FLIGHTS S.A.S.","ASIGNACION MOSTRADOR","PASAJEROS","CICLO 3"
"47000",5,01-ENE-26,31-ENE-26,01-ENE-26,31-ENE-26,250747430,"APPROVED","EURO SERVICIOS S.A.S.","BANCOS Y CASAS CAMBIO","VENTAS","CICLO 2"
"47000",5,01-FEB-26,28-FEB-26,01-FEB-26,28-FEB-26,250646653,"APPROVED","EURO SERVICIOS S.A.S.","BANCOS Y CASAS CAMBIO","VENTAS","CICLO 2"
"49000",5,01-ENE-26,31-ENE-26,01-ENE-26,31-ENE-26,21982,"APPROVED","SERVICIO AÉREO A TERRITORIOS NACIONALES S.A","ASIGNACION MOSTRADOR","PASAJEROS","CICLO 3"
"49000",5,01-FEB-26,28-FEB-26,01-FEB-26,28-FEB-26,19034,"APPROVED","SERVICIO AÉREO A TERRITORIOS NACIONALES S.A","ASIGNACION MOSTRADOR","PASAJEROS","CICLO 3"
"50000",6,01-ENE-26,31-ENE-26,01-ENE-26,31-ENE-26,221046,"APPROVED","TRUST RENTAL S.A.S","ARRENDAMIENTO AUTOS","PASAJEROS","CICLO 3"
"50000",6,01-FEB-26,28-FEB-26,01-FEB-26,28-FEB-26,200714,"APPROVED","TRUST RENTAL S.A.S","ARRENDAMIENTO AUTOS","PASAJEROS","CICLO 3"
"50001",6,01-ENE-26,31-ENE-26,01-ENE-26,31-ENE-26,54353907,"APPROVED","TRUST RENTAL S.A.S","ARRENDAMIENTO AUTOS","VENTAS","CICLO 2"
"50001",6,01-FEB-26,28-FEB-26,01-FEB-26,28-FEB-26,48068940,"APPROVED","TRUST RENTAL S.A.S","ARRENDAMIENTO AUTOS","VENTAS","CICLO 2"
"50002",6,01-ENE-26,31-ENE-26,01-ENE-26,31-ENE-26,17253,"APPROVED","SECURITAS COLOMBIA S.A.","HBS","CARGA_MOV","CICLO 3"
"50002",6,01-FEB-26,28-FEB-26,01-FEB-26,28-FEB-26,23685,"APPROVED","SECURITAS COLOMBIA S.A.","HBS","CARGA_MOV","CICLO 3"
"52002",5,01-ENE-26,31-ENE-26,01-ENE-26,31-ENE-26,2219424322,"APPROVED","RAMIREZ ARANA Y CIA S.A.S.","CATERING","VENTAS","CICLO 2"
"52002",5,01-FEB-26,28-FEB-26,01-FEB-26,28-FEB-26,1877355097,"APPROVED","RAMIREZ ARANA Y CIA S.A.S.","CATERING","VENTAS","CICLO 2"
"56000",5,01-ENE-26,31-ENE-26,01-ENE-26,31-ENE-26,60936,"APPROVED","1900 CAFE S.A.S","ALIMENTOS Y BEBIDAS","PASAJEROS","CICLO 3"
"56000",5,01-FEB-26,28-FEB-26,01-FEB-26,28-FEB-26,49681,"APPROVED","1900 CAFE S.A.S","ALIMENTOS Y BEBIDAS","PASAJEROS","CICLO 3"
"56001",5,01-ENE-26,31-ENE-26,01-ENE-26,31-ENE-26,59844632,"APPROVED","1900 CAFE S.A.S","ALIMENTOS Y BEBIDAS","VENTAS","CICLO 2"
"56001",5,01-FEB-26,28-FEB-26,01-FEB-26,28-FEB-26,48038841,"APPROVED","1900 CAFE S.A.S","ALIMENTOS Y BEBIDAS","VENTAS","CICLO 2"
"57000",5,01-ENE-26,31-ENE-26,01-ENE-26,31-ENE-26,6451,"APPROVED","ARAJET-SUCURSAL COLOMBIA","ASIGNACION MOSTRADOR","PASAJEROS","CICLO 3"
"57000",5,01-FEB-26,28-FEB-26,01-FEB-26,28-FEB-26,7152,"APPROVED","ARAJET-SUCURSAL COLOMBIA","ASIGNACION MOSTRADOR","PASAJEROS","CICLO 3"
"58000",17,01-ENE-26,31-ENE-26,01-ENE-26,31-ENE-26,501170,"APPROVED","GODDARD CATERING GROUP COLOMBIA","ALIMENTOS Y BEBIDAS","PASAJEROS","CICLO 3"
"58000",17,01-FEB-26,28-FEB-26,01-FEB-26,28-FEB-26,525661,"APPROVED","GODDARD CATERING GROUP COLOMBIA","ALIMENTOS Y BEBIDAS","PASAJEROS","CICLO 3"
"58001",17,01-ENE-26,31-ENE-26,01-ENE-26,31-ENE-26,693113,"APPROVED","GODDARD CATERING GROUP COLOMBIA","ALIMENTOS Y BEBIDAS","PASAJEROS","CICLO 3"
"58001",17,01-FEB-26,28-FEB-26,01-FEB-26,28-FEB-26,739722,"APPROVED","GODDARD CATERING GROUP COLOMBIA","ALIMENTOS Y BEBIDAS","PASAJEROS","CICLO 3"
"60000",5,01-ENE-26,31-ENE-26,01-ENE-26,31-ENE-26,250422.02,"APPROVED","GIRAG S.A.","CARGA","CARGA_MOV","CICLO 3"
"60000",5,01-FEB-26,28-FEB-26,01-FEB-26,28-FEB-26,333869.8,"APPROVED","GIRAG S.A.","CARGA","CARGA_MOV","CICLO 3"
"62000",4,01-ENE-26,31-ENE-26,01-ENE-26,31-ENE-26,501170,"APPROVED","DISTRIBUCIONES Y LICORES JUANITO S.A.S","ALIMENTOS Y BEBIDAS","PASAJEROS","CICLO 3"
"62000",4,01-FEB-26,28-FEB-26,01-FEB-26,28-FEB-26,525661,"APPROVED","DISTRIBUCIONES Y LICORES JUANITO S.A.S","ALIMENTOS Y BEBIDAS","PASAJEROS","CICLO 3"
"62001",4,01-ENE-26,31-ENE-26,01-ENE-26,31-ENE-26,77758885,"APPROVED","DISTRIBUCIONES Y LICORES JUANITO S.A.S","ALIMENTOS Y BEBIDAS","VENTAS","CICLO 2"
"62001",4,01-FEB-26,28-FEB-26,01-FEB-26,28-FEB-26,78145301,"APPROVED","DISTRIBUCIONES Y LICORES JUANITO S.A.S","ALIMENTOS Y BEBIDAS","VENTAS","CICLO 2"
"64000",4,01-ENE-26,31-ENE-26,01-ENE-26,31-ENE-26,60909,"APPROVED","HECTOR ANTONIO VELASQUEZ MIRA","ALIMENTOS Y BEBIDAS","PASAJEROS","CICLO 3"
"64000",4,01-FEB-26,28-FEB-26,01-FEB-26,28-FEB-26,49667,"APPROVED","HECTOR ANTONIO VELASQUEZ MIRA","ALIMENTOS Y BEBIDAS","PASAJEROS","CICLO 3"
"64001",4,01-ENE-26,31-ENE-26,01-ENE-26,31-ENE-26,37589360,"APPROVED","HECTOR ANTONIO VELASQUEZ MIRA","ALIMENTOS Y BEBIDAS","VENTAS","CICLO 2"
"64001",4,01-FEB-26,28-FEB-26,01-FEB-26,28-FEB-26,34583720,"APPROVED","HECTOR ANTONIO VELASQUEZ MIRA","ALIMENTOS Y BEBIDAS","VENTAS","CICLO 2"
"66000",4,01-ENE-26,31-ENE-26,01-ENE-26,31-ENE-26,501170,"APPROVED","METRO CAFE SAS","ALIMENTOS Y BEBIDAS","PASAJEROS","CICLO 3"
"66000",4,01-FEB-26,28-FEB-26,01-FEB-26,28-FEB-26,525661,"APPROVED","METRO CAFE SAS","ALIMENTOS Y BEBIDAS","PASAJEROS","CICLO 3"
"66001",4,01-ENE-26,31-ENE-26,01-ENE-26,31-ENE-26,304997284,"APPROVED","METRO CAFE SAS","ALIMENTOS Y BEBIDAS","VENTAS","CICLO 2"
"66001",4,01-FEB-26,28-FEB-26,01-FEB-26,28-FEB-26,308612268,"APPROVED","METRO CAFE SAS","ALIMENTOS Y BEBIDAS","VENTAS","CICLO 2"
"68000",4,01-ENE-26,31-ENE-26,01-ENE-26,31-ENE-26,24948528,"APPROVED","SERVICIOS PROFESIONALES PARA VEHICULOS S.A.S","CARGO OPERAC TIERRA","VENTAS","CICLO 2"
"68000",4,01-FEB-26,28-FEB-26,01-FEB-26,28-FEB-26,39909110,"APPROVED","SERVICIOS PROFESIONALES PARA VEHICULOS S.A.S","CARGO OPERAC TIERRA","VENTAS","CICLO 2"
"71000",5,01-ENE-26,31-ENE-26,01-ENE-26,31-ENE-26,60936,"APPROVED","DAVID MOLINA ESTRADA","ALIMENTOS Y BEBIDAS","PASAJEROS","CICLO 3"
"71000",5,01-FEB-26,28-FEB-26,01-FEB-26,28-FEB-26,49681,"APPROVED","DAVID MOLINA ESTRADA","ALIMENTOS Y BEBIDAS","PASAJEROS","CICLO 3"
"71001",4,01-ENE-26,31-ENE-26,01-ENE-26,31-ENE-26,36416511,"APPROVED","DAVID MOLINA ESTRADA","ALIMENTOS Y BEBIDAS","VENTAS","CICLO 2"
"71001",4,01-FEB-26,28-FEB-26,01-FEB-26,28-FEB-26,39006497,"APPROVED","DAVID MOLINA ESTRADA","ALIMENTOS Y BEBIDAS","VENTAS","CICLO 2"
"72000",4,01-ENE-26,31-ENE-26,01-ENE-26,31-ENE-26,68201,"APPROVED","DISTRIBUIDORA DOÑA ELENA S.A.","ALIMENTOS Y BEBIDAS","PASAJEROS","CICLO 3"
"72000",4,01-FEB-26,28-FEB-26,01-FEB-26,28-FEB-26,86668,"APPROVED","DISTRIBUIDORA DOÑA ELENA S.A.","ALIMENTOS Y BEBIDAS","PASAJEROS","CICLO 3"
"72001",4,01-ENE-26,31-ENE-26,01-ENE-26,31-ENE-26,115801161,"APPROVED","DISTRIBUIDORA DOÑA ELENA S.A.","ALIMENTOS Y BEBIDAS","VENTAS","CICLO 2"
"72001",4,01-FEB-26,28-FEB-26,01-FEB-26,28-FEB-26,123354100,"APPROVED","DISTRIBUIDORA DOÑA ELENA S.A.","ALIMENTOS Y BEBIDAS","VENTAS","CICLO 2"
"73000",4,01-ENE-26,31-ENE-26,01-ENE-26,31-ENE-26,501170,"APPROVED","GLOBAL LOUNGE COLOMBIA SAS","SALAS VIP","PASAJEROS","CICLO 3"
"73000",4,01-FEB-26,28-FEB-26,01-FEB-26,28-FEB-26,525661,"APPROVED","GLOBAL LOUNGE COLOMBIA SAS","SALAS VIP","PASAJEROS","CICLO 3"
"73001",4,01-ENE-26,31-ENE-26,01-ENE-26,31-ENE-26,7514,"APPROVED","GLOBAL LOUNGE COLOMBIA SAS","SALAS VIP","PASAJEROS","CICLO 3"
"73001",4,01-FEB-26,28-FEB-26,01-FEB-26,28-FEB-26,8097,"APPROVED","GLOBAL LOUNGE COLOMBIA SAS","SALAS VIP","PASAJEROS","CICLO 3"
"74000",4,01-ENE-26,31-ENE-26,01-ENE-26,31-ENE-26,221046,"APPROVED","TATTERSALL RENTAL S.A.S.","ARRENDAMIENTO AUTOS","PASAJEROS","CICLO 3"
"74000",4,01-FEB-26,28-FEB-26,01-FEB-26,28-FEB-26,200714,"APPROVED","TATTERSALL RENTAL S.A.S.","ARRENDAMIENTO AUTOS","PASAJEROS","CICLO 3"
"74001",4,01-ENE-26,31-ENE-26,01-ENE-26,31-ENE-26,287847286,"APPROVED","TATTERSALL RENTAL S.A.S.","ARRENDAMIENTO AUTOS","VENTAS","CICLO 2"
"74001",4,01-FEB-26,28-FEB-26,01-FEB-26,28-FEB-26,156259039,"APPROVED","TATTERSALL RENTAL S.A.S.","ARRENDAMIENTO AUTOS","VENTAS","CICLO 2"
"76000",4,01-ENE-26,31-ENE-26,01-ENE-26,31-ENE-26,5008,"APPROVED","JETSMART AIRLINES PERÚ S.A.C.","ASIGNACION_MOSTRADORES","PASAJEROS","CICLO 3"
"76000",4,01-FEB-26,28-FEB-26,01-FEB-26,28-FEB-26,5602,"APPROVED","JETSMART AIRLINES PERÚ S.A.C.","ASIGNACION_MOSTRADORES","PASAJEROS","CICLO 3"
"78000",4,01-ENE-26,31-ENE-26,01-ENE-26,31-ENE-26,1138,"APPROVED","AVIANCA ECUADOR S.A. SUCURSAL COLOMBIA","ASIGNACION MOSTRADOR","PASAJEROS","CICLO 3"
"78000",4,01-FEB-26,28-FEB-26,01-FEB-26,28-FEB-26,1467,"APPROVED","AVIANCA ECUADOR S.A. SUCURSAL COLOMBIA","ASIGNACION MOSTRADOR","PASAJEROS","CICLO 3"
"78002",4,01-ENE-26,31-ENE-26,01-ENE-26,31-ENE-26,3299,"APPROVED","AVIANCA COSTA RICA S.A. SUCURSAL COLOMBIA","ASIGNACION MOSTRADOR","PASAJEROS","CICLO 3"
"78002",4,01-FEB-26,28-FEB-26,01-FEB-26,28-FEB-26,4432,"APPROVED","AVIANCA COSTA RICA S.A. SUCURSAL COLOMBIA","ASIGNACION MOSTRADOR","PASAJEROS","CICLO 3"
"79000",4,01-ENE-26,31-ENE-26,01-ENE-26,31-ENE-26,11000000,"APPROVED","ASOCIACION DE JOYEROS Y ARTESANOS DEL PACIFICO","VENTAS DETALLE","VENTAS","CICLO 2"
"79000",4,01-FEB-26,28-FEB-26,01-FEB-26,28-FEB-26,9800000,"APPROVED","ASOCIACION DE JOYEROS Y ARTESANOS DEL PACIFICO","VENTAS DETALLE","VENTAS","CICLO 2"
"79001",4,01-ENE-26,31-ENE-26,01-ENE-26,31-ENE-26,16366585,"APPROVED","BANANO PASA DE URABA PASABAN SAS","VENTAS DETALLE","VENTAS","CICLO 2"
"79001",4,01-FEB-26,28-FEB-26,01-FEB-26,28-FEB-26,12001185,"APPROVED","BANANO PASA DE URABA PASABAN SAS","VENTAS DETALLE","VENTAS","CICLO 2"
"79002",4,01-ENE-26,31-ENE-26,01-ENE-26,31-ENE-26,24092832.9,"APPROVED","MARIA CECILIA CAMARGO","ALIMENTOS Y BEBIDAS","VENTAS","CICLO 2"
"79002",4,01-FEB-26,28-FEB-26,01-FEB-26,28-FEB-26,21994391.4,"APPROVED","MARIA CECILIA CAMARGO","ALIMENTOS Y BEBIDAS","VENTAS","CICLO 2"
"80000",4,01-ENE-26,31-ENE-26,01-ENE-26,31-ENE-26,719214,"APPROVED","PASAR EXPRESS SAS","CARGA","CARGA_MOV","CICLO 3"
"80000",4,01-FEB-26,28-FEB-26,01-FEB-26,28-FEB-26,246501,"APPROVED","PASAR EXPRESS SAS","CARGA","CARGA_MOV","CICLO 3"
"81000",3,01-ENE-26,31-ENE-26,01-ENE-26,31-ENE-26,191943,"APPROVED","SAPIA C I S.A.S","VENTAS DETALLE","PASAJEROS","CICLO 3"
"81000",3,01-FEB-26,28-FEB-26,01-FEB-26,28-FEB-26,214061,"APPROVED","SAPIA C I S.A.S","VENTAS DETALLE","PASAJEROS","CICLO 3"
"81001",3,01-ENE-26,31-ENE-26,01-ENE-26,31-ENE-26,191943,"APPROVED","SAPIA C I S.A.S","VENTAS DETALLE","PASAJEROS","CICLO 3"
"81001",3,01-FEB-26,28-FEB-26,01-FEB-26,28-FEB-26,214061,"APPROVED","SAPIA C I S.A.S","VENTAS DETALLE","PASAJEROS","CICLO 3"
"81002",3,01-ENE-26,31-ENE-26,01-ENE-26,31-ENE-26,127799285.79,"APPROVED","SAPIA C I S.A.S","VENTAS DETALLE","VENTAS","CICLO 2"
"81002",3,01-FEB-26,28-FEB-26,01-FEB-26,28-FEB-26,154239663.88,"APPROVED","SAPIA C I S.A.S","VENTAS DETALLE","VENTAS","CICLO 2"
"82000",8,01-ENE-26,31-ENE-26,01-ENE-26,31-ENE-26,328812291,"APPROVED","IRIACA S.A.S.","HOTEL","VENTAS","CICLO 2"
"83000",3,01-ENE-26,31-ENE-26,01-ENE-26,31-ENE-26,62598200,"APPROVED","SMARTCOM S.A.S","VENTAS DETALLE","VENTAS","CICLO 2"
"83000",3,01-FEB-26,28-FEB-26,01-FEB-26,28-FEB-26,45944200,"APPROVED","SMARTCOM S.A.S","VENTAS DETALLE","VENTAS","CICLO 2"
"84000",4,01-ENE-26,31-ENE-26,01-ENE-26,31-ENE-26,139475,"APPROVED","JETSMART AIRLINES S.A.S.","ASIGNACION MOSTRADOR","PASAJEROS","CICLO 3"
"84000",4,01-FEB-26,28-FEB-26,01-FEB-26,28-FEB-26,136217,"APPROVED","JETSMART AIRLINES S.A.S.","ASIGNACION MOSTRADOR","PASAJEROS","CICLO 3"
"85000",3,01-ENE-26,31-ENE-26,01-ENE-26,31-ENE-26,2230,"APPROVED","JETSMART AIRLINES SPA SUCURSAL","ASIGNACION MOSTRADOR","PASAJEROS","CICLO 3"
"86000",3,01-ENE-26,31-ENE-26,01-ENE-26,31-ENE-26,221046,"APPROVED","LOCAL CO S.A.S","VENTAS DETALLE","PASAJEROS","CICLO 3"
"86000",3,01-FEB-26,28-FEB-26,01-FEB-26,28-FEB-26,200714,"APPROVED","LOCAL CO S.A.S","VENTAS DETALLE","PASAJEROS","CICLO 3"
"86001",3,01-FEB-26,28-FEB-26,01-FEB-26,28-FEB-26,65143023.87,"APPROVED","LOCAL CO S.A.S","VENTAS DETALLE","VENTAS","CICLO 2"
"87000",3,01-ENE-26,31-ENE-26,01-ENE-26,31-ENE-26,501170,"APPROVED","CORPORACION DEL LAGO S.A.S.","ALIMENTOS Y BEBIDAS","PASAJEROS","CICLO 3"
"87000",3,01-FEB-26,28-FEB-26,01-FEB-26,28-FEB-26,525661,"APPROVED","CORPORACION DEL LAGO S.A.S.","ALIMENTOS Y BEBIDAS","PASAJEROS","CICLO 3"
"87001",3,01-ENE-26,31-ENE-26,01-ENE-26,31-ENE-26,327128250.54,"APPROVED","CORPORACION DEL LAGO S.A.S.","ALIMENTOS Y BEBIDAS","VENTAS","CICLO 2"
"87001",3,01-FEB-26,28-FEB-26,01-FEB-26,28-FEB-26,309862603.93,"APPROVED","CORPORACION DEL LAGO S.A.S.","ALIMENTOS Y BEBIDAS","VENTAS","CICLO 2"
"87002",3,01-ENE-26,31-ENE-26,01-ENE-26,31-ENE-26,60909,"APPROVED","CORPORACION DEL LAGO S.A.S.","ALIMENTOS Y BEBIDAS","PASAJEROS","CICLO 3"
"87002",3,01-FEB-26,28-FEB-26,01-FEB-26,28-FEB-26,49667,"APPROVED","CORPORACION DEL LAGO S.A.S.","ALIMENTOS Y BEBIDAS","PASAJEROS","CICLO 3"
"87003",3,01-ENE-26,31-ENE-26,01-ENE-26,31-ENE-26,71285218.69,"APPROVED","CORPORACION DEL LAGO S.A.S.","ALIMENTOS Y BEBIDAS","VENTAS","CICLO 2"
"87003",3,01-FEB-26,28-FEB-26,01-FEB-26,28-FEB-26,61282699,"APPROVED","CORPORACION DEL LAGO S.A.S.","ALIMENTOS Y BEBIDAS","VENTAS","CICLO 2"
"87004",3,01-ENE-26,31-ENE-26,01-ENE-26,31-ENE-26,68201,"APPROVED","CORPORACION DEL LAGO S.A.S.","ALIMENTOS Y BEBIDAS","PASAJEROS","CICLO 3"
"87004",3,01-FEB-26,28-FEB-26,01-FEB-26,28-FEB-26,86668,"APPROVED","CORPORACION DEL LAGO S.A.S.","ALIMENTOS Y BEBIDAS","PASAJEROS","CICLO 3"
"87005",3,01-ENE-26,31-ENE-26,01-ENE-26,31-ENE-26,105139880.45,"APPROVED","CORPORACION DEL LAGO S.A.S.","ALIMENTOS Y BEBIDAS","VENTAS","CICLO 2"
"87005",3,01-FEB-26,28-FEB-26,01-FEB-26,28-FEB-26,138479273.71,"DRAFT","CORPORACION DEL LAGO S.A.S.","ALIMENTOS Y BEBIDAS","VENTAS","CICLO 2"
"88000",3,01-ENE-26,31-ENE-26,01-ENE-26,31-ENE-26,1289699,"APPROVED","ENERGIZAR S.A.","COMBUSTIBLE","GALONES","CICLO 3"
"88000",3,01-FEB-26,28-FEB-26,01-FEB-26,28-FEB-26,1253290,"APPROVED","ENERGIZAR S.A.","COMBUSTIBLE","GALONES","CICLO 3"
"89000",3,01-ENE-26,31-ENE-26,01-ENE-26,31-ENE-26,20146620,"APPROVED","LATE CHOCO FABRICA ARTESANAL DE CHOCOLATES","ALIMENTOS Y BEBIDAS","VENTAS","CICLO 2"
"89000",3,01-FEB-26,28-FEB-26,01-FEB-26,28-FEB-26,18494100,"APPROVED","LATE CHOCO FABRICA ARTESANAL DE CHOCOLATES","ALIMENTOS Y BEBIDAS","VENTAS","CICLO 2"
"91000",3,01-ENE-26,31-ENE-26,01-ENE-26,31-ENE-26,30622128,"APPROVED","SOCIEDAD AERONÁUTICA DE INTEGRACIÓN TÉCNICA S.A.S.","CARGO OPERAC TIERRA","VENTAS","CICLO 2"
"91000",3,01-FEB-26,28-FEB-26,01-FEB-26,28-FEB-26,30622128,"DRAFT","SOCIEDAD AERONÁUTICA DE INTEGRACIÓN TÉCNICA S.A.S.","CARGO OPERAC TIERRA","VENTAS","CICLO 2"
"93000",3,01-ENE-26,31-ENE-26,01-ENE-26,31-ENE-26,6,"APPROVED","MARCAPASOS S.A.S","CARGO OPERAC TIERRA","OPERS","CICLO 3"
"93000",3,01-ENE-26,31-ENE-26,01-ENE-26,31-ENE-26,31,"APPROVED","MARCAPASOS S.A.S","CARGO OPERAC TIERRA","OPERS","CICLO 3"
"93000",3,01-FEB-26,28-FEB-26,01-FEB-26,28-FEB-26,18,"APPROVED","MARCAPASOS S.A.S","CARGO OPERAC TIERRA","OPERS","CICLO 3"
"93000",3,01-FEB-26,28-FEB-26,01-FEB-26,28-FEB-26,4,"APPROVED","MARCAPASOS S.A.S","CARGO OPERAC TIERRA","OPERS","CICLO 3"
"94001",3,01-ENE-26,31-ENE-26,01-ENE-26,31-ENE-26,3470,"APPROVED","LASA S.A.","CARGO OPERAC TIERRA","OPERS","CICLO 3"
"94001",3,01-ENE-26,31-ENE-26,01-ENE-26,31-ENE-26,24,"APPROVED","LASA S.A.","CARGO OPERAC TIERRA","OPERS","CICLO 3"
"94001",3,01-ENE-26,31-ENE-26,01-ENE-26,31-ENE-26,66,"APPROVED","LASA S.A.","CARGO OPERAC TIERRA","OPERS","CICLO 3"
"94001",3,01-FEB-26,28-FEB-26,01-FEB-26,28-FEB-26,19,"DRAFT","LASA S.A.","CARGO OPERAC TIERRA","OPERS","CICLO 3"
"94001",3,01-FEB-26,28-FEB-26,01-FEB-26,28-FEB-26,3477,"DRAFT","LASA S.A.","CARGO OPERAC TIERRA","OPERS","CICLO 3"
"94001",3,01-FEB-26,28-FEB-26,01-FEB-26,28-FEB-26,60,"APPROVED","LASA S.A.","CARGO OPERAC TIERRA","OPERS","CICLO 3"
"94002",3,01-ENE-26,31-ENE-26,01-ENE-26,31-ENE-26,141,"APPROVED","MENZIES AVIATION COLOMBIA S.A.S","CARGO OPERAC TIERRA","OPERS","CICLO 3"
"94002",3,01-ENE-26,31-ENE-26,01-ENE-26,31-ENE-26,978,"APPROVED","MENZIES AVIATION COLOMBIA S.A.S","CARGO OPERAC TIERRA","OPERS","CICLO 3"
"94002",3,01-ENE-26,31-ENE-26,01-ENE-26,31-ENE-26,112,"APPROVED","MENZIES AVIATION COLOMBIA S.A.S","CARGO OPERAC TIERRA","OPERS","CICLO 3"
"94002",3,01-FEB-26,28-FEB-26,01-FEB-26,28-FEB-26,1014,"APPROVED","MENZIES AVIATION COLOMBIA S.A.S","CARGO OPERAC TIERRA","OPERS","CICLO 3"
"94002",3,01-FEB-26,28-FEB-26,01-FEB-26,28-FEB-26,134,"APPROVED","MENZIES AVIATION COLOMBIA S.A.S","CARGO OPERAC TIERRA","OPERS","CICLO 3"
"94002",3,01-FEB-26,28-FEB-26,01-FEB-26,28-FEB-26,134,"APPROVED","MENZIES AVIATION COLOMBIA S.A.S","CARGO OPERAC TIERRA","OPERS","CICLO 3"
"94003",3,01-ENE-26,31-ENE-26,01-ENE-26,31-ENE-26,50,"APPROVED","AEROSAN S.A.S.","CARGO OPERAC TIERRA","OPERS","CICLO 3"
"94003",3,01-FEB-26,28-FEB-26,01-FEB-26,28-FEB-26,50,"APPROVED","AEROSAN S.A.S.","CARGO OPERAC TIERRA","OPERS","CICLO 3"
"96000",3,01-ENE-26,31-ENE-26,01-ENE-26,31-ENE-26,8,"APPROVED","LASA - SOCIEDAD DE APOYOS AERONÁUTICOS","CARGO OPERAC TIERRA","OPERS","CICLO 3"
"96000",3,01-FEB-26,28-FEB-26,01-FEB-26,28-FEB-26,7,"APPROVED","LASA - SOCIEDAD DE APOYOS AERONÁUTICOS","CARGO OPERAC TIERRA","OPERS","CICLO 3"
"97000",3,01-ENE-26,31-ENE-26,01-ENE-26,31-ENE-26,150385,"APPROVED","GRUPO DIVITAE S.A.S.","ALIMENTOS Y BEBIDAS","PASAJEROS","CICLO 3"
"97000",3,01-FEB-26,28-FEB-26,01-FEB-26,28-FEB-26,161623,"APPROVED","GRUPO DIVITAE S.A.S.","ALIMENTOS Y BEBIDAS","PASAJEROS","CICLO 3"
"97001",3,01-ENE-26,31-ENE-26,01-ENE-26,31-ENE-26,135627628,"APPROVED","GRUPO DIVITAE S.A.S.","ALIMENTOS Y BEBIDAS","VENTAS","CICLO 2"
"97001",3,01-FEB-26,28-FEB-26,01-FEB-26,28-FEB-26,170578455,"DRAFT","GRUPO DIVITAE S.A.S.","ALIMENTOS Y BEBIDAS","VENTAS","CICLO 2"
"98000",3,01-ENE-26,31-ENE-26,01-ENE-26,31-ENE-26,501170,"APPROVED","AEROVIAS DEL CONTINENTE AMERICANO S.A. AVIANCA","SALAS VIP","PASAJEROS","CICLO 3"
"98000",3,01-FEB-26,28-FEB-26,01-FEB-26,28-FEB-26,525661,"APPROVED","AEROVIAS DEL CONTINENTE AMERICANO S.A. AVIANCA","SALAS VIP","PASAJEROS","CICLO 3"
"98001",3,01-ENE-26,31-ENE-26,01-ENE-26,31-ENE-26,12171,"APPROVED","AEROVIAS DEL CONTINENTE AMERICANO S.A. AVIANCA","SALAS VIP","PASAJEROS","CICLO 3"
"98001",3,01-FEB-26,28-FEB-26,01-FEB-26,28-FEB-26,10504,"APPROVED","AEROVIAS DEL CONTINENTE AMERICANO S.A. AVIANCA","SALAS VIP","PASAJEROS","CICLO 3"
"98002",3,01-ENE-26,31-ENE-26,01-ENE-26,31-ENE-26,6091,"APPROVED","AEROVIAS DEL CONTINENTE AMERICANO S.A. AVIANCA","SALAS VIP","PASAJEROS","CICLO 3"
"98002",3,01-FEB-26,28-FEB-26,01-FEB-26,28-FEB-26,7343,"APPROVED","AEROVIAS DEL CONTINENTE AMERICANO S.A. AVIANCA","SALAS VIP","PASAJEROS","CICLO 3"
